student_code,gpa,failed_subjects,credits_completed,attendance_rate,login_count,assignment_submitted,assignment_missing,forum_posts,video_views,learning_hours,academic_score,attendance_score,engagement_score,dropout_risk
SV1000,6.96,1,72,90.95,26,10,0,1,24,8.0,0.7571999999999999,0.9095,0.6812638105073764,0
SV1001,4.94,2,90,75.57,19,12,3,2,32,0.0,0.5858,0.7556999999999999,0.6085809013197037,1
SV1002,7.63,1,133,67.95,19,12,4,6,18,18.4,0.8041,0.6795,0.5794899912997313,1
SV1003,7.91,0,107,95.03,31,8,0,3,26,9.1,0.8536999999999999,0.9503,0.7481152383195088,0
SV1004,3.57,2,39,89.61,23,11,0,5,28,19.0,0.4899,0.8961,0.7356983990184455,0
SV1005,4.55,0,84,53.91,27,6,5,4,26,14.1,0.6184999999999999,0.5390999999999999,0.555543205755751,0
SV1006,6.69,1,140,73.3,20,10,0,2,19,19.2,0.7383,0.733,0.6355875357319943,0
SV1007,6.03,0,84,80.48,30,9,0,1,29,16.8,0.7221,0.8048000000000001,0.7283813215812318,0
SV1008,6.47,0,36,89.68,23,6,2,5,28,0.0,0.7528999999999999,0.8968,0.6356983978820832,0
SV1009,5.22,0,140,91.65,34,10,0,2,31,15.7,0.6654,0.9165000000000001,0.7754988406142223,0
SV1010,7.82,0,110,82.26,28,7,4,3,29,9.9,0.8473999999999999,0.8226,0.5980044005702433,0
SV1011,7.67,1,88,86.78,32,12,0,4,34,19.0,0.8069,0.8678,0.8042128137469451,0
SV1012,6.6,1,79,78.96,26,8,3,6,28,15.5,0.732,0.7896,0.6585365447222515,1
SV1013,8.19,0,122,67.89,21,14,2,4,24,15.6,0.8733,0.6789000000000001,0.641685111688013,0
SV1014,7.2,1,74,74.08,29,12,4,7,26,10.4,0.774,0.7408,0.6904655975025034,0
SV1015,5.21,0,124,78.28,20,11,0,2,29,6.5,0.6647,0.7828,0.681042083789845,0
SV1016,7.05,0,106,77.48,25,6,0,7,28,9.4,0.7934999999999999,0.7748,0.7751662151625891,0
SV1017,5.06,2,97,49.72,12,12,5,3,24,1.2,0.5942,0.4972,0.5055236482917934,1
SV1018,7.82,0,94,72.04,30,9,1,5,32,8.5,0.8473999999999999,0.7204,0.7565631429388985,1
SV1019,6.43,1,85,78.84,31,7,2,5,32,3.2,0.7201,0.7884,0.7137718163089973,1
SV1020,6.22,1,121,73.78,25,6,2,4,30,3.4,0.7054,0.7378,0.643348066023464,0
SV1021,5.48,0,64,74.3,25,5,0,4,32,12.7,0.6836,0.743,0.7524389324077727,0
SV1022,8.33,0,41,85.32,33,8,0,2,32,15.2,0.8831,0.8532,0.7739467242294844,0
SV1023,6.27,0,108,61.82,28,9,5,3,32,11.8,0.7388999999999999,0.6182,0.6142381712672402,0
SV1024,5.86,0,109,53.58,24,10,3,3,25,9.0,0.7101999999999999,0.5357999999999999,0.6085791921128029,0
SV1025,5.97,1,104,72.78,23,7,1,2,24,6.3,0.6879,0.7278,0.6266074866734059,1
SV1026,7.3,0,102,89.46,23,4,3,4,26,10.1,0.8109999999999999,0.8946,0.5415425600194587,0
SV1027,7.05,0,80,,31,11,0,4,32,7.1,0.7934999999999999,1.0,0.7890243410054563,0
SV1028,7.12,0,114,89.73,19,6,4,5,18,11.6,0.7984,0.8973,0.5058536236530382,0
SV1029,7.15,0,89,55.98,22,13,6,4,28,2.9,0.8005,0.5598,0.5896487082803799,1
SV1030,9.71,0,75,74.51,24,18,3,7,31,16.2,0.9797,0.7451000000000001,0.7255622108594153,0
SV1031,5.89,1,81,81.85,27,9,2,4,22,8.6,0.6822999999999999,0.8184999999999999,0.6464522871607106,0
SV1032,5.73,0,140,80.66,29,7,0,5,24,14.3,0.7011000000000001,0.8066,0.754101925431967,1
SV1033,5.28,0,38,86.09,25,9,4,4,28,17.3,0.6696,0.8609,0.6111802502604651,0
SV1034,7.42,1,105,64.24,17,15,2,4,24,14.0,0.7894,0.6424,0.6202360459648003,0
SV1035,8.19,0,40,78.97,24,5,0,7,29,16.8,0.8733,0.7897,0.7736140954445208,0
SV1036,6.33,0,87,84.3,29,6,5,3,32,0.0,0.7431,0.843,0.5813746916657268,1
SV1037,5.24,0,77,90.39,32,12,0,4,28,9.0,0.6668000000000001,0.9039,0.7769400870940525,0
SV1038,5.26,6,27,65.91,28,14,1,7,31,18.6,0.48819999999999997,0.6591,0.7804286360808035,1
SV1039,7.48,0,102,72.82,24,13,1,4,28,15.1,0.8235999999999999,0.7282,0.699588178710234,0
SV1040,7.61,0,79,37.44,21,7,3,6,22,23.1,0.8327,0.37439999999999996,0.5898669214721055,0
SV1041,,0,27,68.68,15,12,2,4,18,22.2,0.8116999999999999,0.6868000000000001,0.5706841603161351,0
SV1042,5.5,2,115,70.13,25,11,8,2,22,13.8,0.625,0.7012999999999999,0.5112906783729365,1
SV1043,6.85,0,133,,26,4,3,3,28,10.5,0.7794999999999999,0.6271,0.5552897889877282,1
SV1044,6.68,0,135,80.48,34,8,1,4,33,6.2,0.7675999999999998,0.8048000000000001,0.7674180303412915,0
SV1045,6.83,0,101,77.16,34,5,2,5,41,9.1,0.7781,0.7716,0.7475767571237537,0
SV1046,7.81,1,91,44.11,20,11,2,1,21,9.6,0.8166999999999999,0.4411,0.569503634645631,0
SV1047,6.84,0,130,81.23,18,19,3,2,30,8.4,0.7787999999999999,0.8123,0.618846982693916,1
SV1048,7.52,0,140,64.08,28,11,2,5,27,6.5,0.8264,0.6408,0.7001022975004111,0
SV1049,6.6,0,124,85.29,21,18,2,9,24,14.4,0.7619999999999999,0.8529000000000001,0.7198669275464841,0
SV1050,6.93,0,62,58.77,18,10,3,3,27,22.2,0.7850999999999999,0.5877,0.5810847360357678,1
SV1051,7.45,0,96,78.45,32,5,0,4,33,17.6,0.8214999999999999,0.7845,0.7996673126381427,0
SV1052,4.31,1,103,73.75,30,14,0,6,33,10.1,0.5716999999999999,0.7375,0.8147449672063116,0
SV1053,6.02,0,36,82.55,19,12,2,2,24,18.1,0.7213999999999999,0.8255,0.5950744054831941,0
SV1054,5.79,0,104,79.87,23,6,3,2,24,14.1,0.7052999999999999,0.7987000000000001,0.5432741674604408,0
SV1055,5.54,3,140,74.17,28,10,5,2,34,11.8,0.5978,0.7417,0.6192165278682219,1
SV1056,6.09,0,109,54.96,21,12,2,3,26,11.4,0.7263,0.5496,0.6299967984179635,1
SV1057,8.74,0,134,55.84,15,11,3,2,24,10.8,0.9117999999999999,0.5584,0.5421127356450266,0
SV1058,5.2,0,95,69.24,25,9,6,0,28,15.9,0.6639999999999999,0.6923999999999999,0.5197117290523855,0
SV1059,7.95,2,88,77.88,25,5,2,3,32,12.8,0.7965,0.7787999999999999,0.6245168949090274,0
SV1060,3.98,1,101,68.88,18,7,2,4,26,7.6,0.5486,0.6888,0.5935944365098565,0
SV1061,6.0,0,66,87.38,22,11,0,5,32,7.3,0.72,0.8737999999999999,0.7477826559601517,0
SV1062,6.74,0,61,73.81,20,7,0,5,21,13.8,0.7718,0.7381,0.6855875146635219,0
SV1063,7.38,1,128,63.52,20,18,4,3,22,14.6,0.7866,0.6352,0.5901330138518259,1
SV1064,7.57,0,131,73.83,25,10,6,6,32,10.1,0.8298999999999999,0.7383,0.6297117215761463,0
SV1065,7.69,0,60,81.39,33,9,1,9,34,5.2,0.8383,0.8139,0.8384921838906396,0
SV1066,5.98,0,119,82.87,22,8,2,6,22,19.5,0.7186,0.8287,0.6359644782989946,0
SV1067,5.81,0,87,100.0,31,9,0,3,34,18.2,0.7066999999999999,1.0,0.7844788794122531,0
SV1068,,0,100,67.97,28,12,7,2,32,0.1,0.8452999999999999,0.6797,0.5960905357460046,1
SV1069,6.21,0,104,76.9,27,15,1,6,30,20.0,0.7346999999999999,0.769,0.7578159265331268,0
SV1070,4.59,1,120,84.39,26,9,1,8,23,10.7,0.5912999999999999,0.8439,0.7321728968420876,1
SV1071,4.8,0,92,77.65,30,10,1,1,38,13.1,0.6359999999999999,0.7765000000000001,0.7329267865835256,0
SV1072,5.12,3,132,70.49,27,16,3,4,22,18.8,0.5684,0.7049,0.6560216771746735,1
SV1073,7.25,0,99,54.76,18,10,2,8,23,21.9,0.8074999999999999,0.5476,0.6567257517825318,0
SV1074,6.71,1,109,70.34,25,11,4,4,32,18.0,0.7397,0.7034,0.6457723261855358,0
SV1075,7.54,0,65,61.89,20,6,1,2,38,13.4,0.8277999999999999,0.6189,0.6648083040103748,0
SV1076,5.86,3,140,52.1,15,9,4,0,24,3.7,0.6202,0.521,0.4774773746362051,1
SV1077,6.74,1,104,66.06,18,7,1,3,22,0.0,0.7418,0.6606000000000001,0.600665136051359,1
SV1078,7.44,0,111,62.29,26,12,3,2,29,17.3,0.8208,0.6229,0.6376274637814786,1
SV1079,6.04,0,42,86.76,27,7,0,6,26,20.1,0.7227999999999999,0.8676,0.7646340750591814,0
SV1080,7.19,0,65,87.02,22,14,3,1,25,7.1,0.8033000000000001,0.8702,0.590830806970687,0
SV1081,,1,127,64.44,19,10,2,4,26,10.4,0.6557,0.6444,0.6219142263490895,1
SV1082,5.96,0,99,74.1,23,14,3,2,26,8.7,0.7172,0.741,0.6151101846364188,0
SV1083,5.93,1,33,50.13,14,13,1,3,27,8.5,0.6851,0.5013000000000001,0.6204307536025034,0
SV1084,4.71,1,121,70.58,22,14,1,4,34,18.4,0.5996999999999999,0.7058,0.7165705472558341,0
SV1085,7.23,0,74,83.98,28,7,1,10,27,13.3,0.8061,0.8398,0.7798225533078507,0
SV1086,5.8,1,132,90.37,24,11,0,7,26,10.6,0.6759999999999999,0.9037000000000001,0.7599777757544254,0
SV1087,6.52,1,87,67.3,20,6,2,6,21,27.9,0.7263999999999999,0.6729999999999999,0.5992238967030699,0
SV1088,7.22,0,96,93.78,26,6,1,9,32,3.4,0.8053999999999999,0.9378,0.7695754790956751,0
SV1089,7.17,0,125,55.26,28,13,3,3,24,15.3,0.8018999999999998,0.5526,0.6457316766420399,0
SV1090,7.5,1,63,59.29,21,7,1,5,26,5.7,0.7949999999999999,0.5929,0.6644123610940089,1
SV1091,6.35,1,60,88.64,28,10,1,6,32,11.1,0.7144999999999999,0.8864,0.7616407502603271,0
SV1092,5.87,1,84,100.0,32,7,0,3,24,12.9,0.6809,1.0,0.7451218831192447,0
SV1093,6.38,2,115,85.4,25,7,3,3,28,17.1,0.6866,0.8540000000000001,0.6006208042424702,1
SV1094,3.97,1,50,77.39,26,13,2,5,28,10.4,0.5479,0.7739,0.7006577614183019,1
SV1095,4.33,1,40,45.07,25,17,5,2,28,9.8,0.5730999999999999,0.4507,0.6160753648870959,1
SV1096,4.52,0,115,47.66,19,6,4,4,24,10.3,0.6164,0.47659999999999997,0.5194899879092365,0
SV1097,5.0,0,72,79.94,39,12,1,2,32,5.5,0.6499999999999999,0.7994,0.7797628800192152,0
SV1098,7.1,0,78,72.63,20,10,2,2,27,15.8,0.7969999999999999,0.7263,0.6052845168247384,0
SV1099,5.14,0,34,61.41,19,13,0,6,24,13.7,0.6597999999999999,0.6141,0.7067627059333943,0
SV1100,5.93,1,70,78.98,28,9,2,3,28,14.6,0.6851,0.7898000000000001,0.6661862122437976,0
SV1101,8.45,0,90,79.73,22,6,0,3,26,185.39999999999998,0.8915,0.7973,0.693237174210848,1
SV1102,5.97,1,118,92.17,41,9,0,3,44,10.8,0.6879,0.9217,0.8909090321026284,0
SV1103,7.61,0,67,80.05,28,15,1,4,31,19.1,0.8327,0.8005,0.7411862170087757,0
SV1104,5.1,0,140,96.43,26,9,0,3,27,18.1,0.657,0.9643,0.722172894182768,1
SV1105,6.19,0,69,78.12,19,8,0,5,26,20.5,0.7333,0.7812,0.7022172331902322,0
SV1106,5.07,2,70,76.27,25,11,1,1,28,14.2,0.5949,0.7626999999999999,0.6600147435601924,1
SV1107,5.99,3,136,93.96,22,13,0,6,26,20.1,0.6293,0.9396,0.7341462972983581,0
SV1108,7.76,0,96,63.32,21,6,0,5,26,9.5,0.8432,0.6332,0.7144123381773478,0
SV1109,3.91,1,73,100.0,30,10,0,3,38,10.8,0.5437000000000001,1.0,0.7965631407984028,1
SV1110,7.15,0,85,83.63,31,13,0,3,30,19.2,0.8005,0.8362999999999999,0.7662970753188691,0
SV1111,6.86,0,131,83.71,26,8,5,6,31,17.1,0.7802,0.8371,0.6274176708048218,0
SV1112,5.61,2,134,85.88,26,8,0,4,32,10.3,0.6327,0.8588,0.7585365232346518,0
SV1113,4.33,3,65,100.0,29,12,0,4,22,5.7,0.5131,1.0,0.7313746779604936,1
SV1114,6.61,0,89,89.89,23,12,2,4,28,10.8,0.7626999999999999,0.8989,0.6649191913527329,1
SV1115,5.71,1,93,53.92,18,12,2,4,18,7.9,0.6697,0.5392,0.5889768427968015,1
SV1116,6.85,0,60,99.05,30,12,0,1,30,22.3,0.7794999999999999,0.9904999999999999,0.7329267871344894,0
SV1117,6.53,6,88,72.89,19,8,5,5,28,16.6,0.5771,0.7289,0.5574620192934598,1
SV1118,8.9,0,90,79.61,23,14,2,7,26,7.4,0.923,0.7961,0.703880229416171,0
SV1119,6.14,0,124,58.81,19,14,1,3,22,5.7,0.7298,0.5881000000000001,0.6300960490726883,0
SV1120,4.96,0,126,85.89,23,11,0,4,26,7.3,0.6472,0.8589,0.7129711277374536,0
SV1121,6.77,0,80,68.23,23,9,1,3,30,8.6,0.7738999999999999,0.6823,0.677516583472991,0
SV1122,6.83,0,84,79.5,31,8,4,6,34,11.0,0.7781,0.795,0.6920546554912219,1
SV1123,8.54,0,110,73.74,26,10,0,1,35,18.7,0.8977999999999999,0.7373999999999999,0.7312638093710128,0
SV1124,7.75,0,72,100.0,32,15,1,4,39,6.2,0.8425,1.0,0.8019400958535208,0
SV1125,7.04,0,108,100.0,31,12,0,3,30,25.7,0.7928,1.0,0.766297072754767,0
SV1126,8.69,0,87,78.7,23,10,2,4,26,6.3,0.9082999999999999,0.787,0.6463044696566446,0
SV1127,4.72,1,61,78.96,26,8,5,4,35,3.5,0.6004,0.7896,0.6183267637800282,0
SV1128,5.54,2,61,72.4,17,14,4,5,22,22.1,0.6278,0.7240000000000001,0.5829514375950148,1
SV1129,5.11,0,133,94.59,35,11,0,8,30,19.9,0.6577,0.9459000000000001,0.8588691250154912,0
SV1130,5.92,1,85,73.07,23,6,0,2,30,10.9,0.6843999999999999,0.7306999999999999,0.7038801904096375,1
SV1131,4.43,2,139,71.68,24,13,1,3,30,14.3,0.5500999999999999,0.7168000000000001,0.6950427251978373,1
SV1132,7.45,0,75,92.68,25,10,8,6,26,14.4,0.8214999999999999,0.9268000000000001,0.5746612204247967,0
SV1133,6.17,0,99,69.93,21,11,7,2,28,12.8,0.7319,0.6993,0.5270386574024163,0
SV1134,4.29,2,140,77.43,27,9,2,3,28,4.2,0.5403,0.7743000000000001,0.6600886514169089,0
SV1135,4.98,1,58,54.28,23,7,2,3,26,0.0,0.6186,0.5428000000000001,0.6104458782476061,1
SV1136,6.97,0,33,88.56,31,5,0,6,24,6.9,0.7878999999999999,0.8856,0.7799333866253038,0
SV1137,7.76,0,129,100.0,33,6,0,4,34,22.9,0.8432,1.0,0.8103103412405088,0
SV1138,9.5,0,65,88.82,24,11,0,5,24,23.1,0.9649999999999999,0.8881999999999999,0.7236141420767391,0
SV1139,10.0,0,89,99.93,35,10,4,2,34,10.4,1.0,0.9993000000000001,0.680947070073677,0
SV1140,7.12,0,72,65.31,25,14,1,2,34,6.3,0.7984,0.6531,0.7075905049431117,0
SV1141,5.02,0,98,81.54,27,11,3,2,38,13.7,0.6514,0.8154,0.6789198277577745,0
SV1142,3.3,1,61,63.85,29,8,1,3,28,14.6,0.501,0.6385000000000001,0.7005665915994096,0
SV1143,6.9,2,85,74.58,23,4,2,7,24,15.6,0.723,0.7458,0.6114559646291018,1
SV1144,5.28,1,103,89.58,20,9,0,3,21,0.0,0.6396,0.8957999999999999,0.6583148025685428,0
SV1145,5.88,3,60,79.53,18,7,4,4,16,30.9,0.6215999999999999,0.7953,0.49157424695011603,1
SV1146,5.58,1,69,56.81,25,8,1,7,22,18.8,0.6606000000000001,0.5681,0.7034490712257393,1
SV1147,6.29,0,80,58.27,29,16,3,1,34,10.8,0.7403,0.5827,0.6818531649441533,1
SV1148,8.1,0,47,57.28,27,12,4,6,30,7.7,0.867,0.5728,0.6828159312206266,0
SV1149,6.74,0,77,85.37,27,10,0,7,26,17.9,0.7718,0.8537,0.7782704545987288,0
SV1150,6.26,0,94,100.0,26,10,0,7,36,15.0,0.7382,1.0,0.8176274381933276,0
SV1151,4.95,2,78,98.44,25,11,1,1,24,12.6,0.5865,0.9843999999999999,0.6418329257915973,1
SV1152,3.99,2,82,,19,11,1,2,34,14.8,0.5193,0.49560000000000004,0.6643384676484467,1
SV1153,5.77,0,89,99.32,32,11,0,2,35,11.3,0.7039,0.9932,0.7814855403654026,0
SV1154,6.42,3,70,92.05,25,6,0,5,22,14.4,0.6594,0.9205,0.7206207637163078,1
SV1155,9.15,0,111,54.82,17,7,4,3,24,16.4,0.9404999999999999,0.5482,0.5082039592637231,0
SV1156,6.7,0,133,73.45,22,10,1,1,30,14.1,0.7689999999999999,0.7345,0.6477826644312253,0
SV1157,7.97,0,76,94.43,28,12,0,3,28,13.7,0.8578999999999999,0.9443,0.7389134813898032,0
SV1158,5.75,1,105,86.26,24,8,2,6,29,20.4,0.6725,0.8626,0.6799777810478136,0
SV1159,4.72,0,83,58.36,23,8,1,5,24,2.4,0.6304,0.5836,0.6730721336628706,0
SV1160,5.05,0,101,87.16,27,9,3,6,34,7.2,0.6535,0.8715999999999999,0.7009977427392227,0
SV1161,5.41,1,137,45.94,29,5,3,4,32,12.2,0.6487,0.4594,0.6268292244653157,1
SV1162,9.69,0,105,74.66,32,7,3,2,30,7.6,0.9783,0.7465999999999999,0.6387582765182946,0
SV1163,5.27,0,37,95.07,31,7,0,6,28,9.6,0.6688999999999998,0.9506999999999999,0.7981152272510339,0
SV1164,7.76,0,104,78.28,24,6,1,4,24,19.7,0.8432,0.7828,0.6528349099212359,0
SV1165,5.15,3,127,70.52,21,14,0,7,22,11.1,0.5705,0.7051999999999999,0.7235032832973706,1
SV1166,7.9,0,83,91.34,27,8,0,2,30,1.0,0.853,0.9134,0.7282704503838544,0
SV1167,7.08,1,120,92.62,26,8,1,2,29,9.5,0.7656,0.9262,0.6731830011641977,0
SV1168,6.27,0,69,97.65,20,9,0,4,24,12.3,0.7388999999999999,0.9765,0.6855875282916833,0
SV1169,6.44,0,45,91.12,31,15,0,2,34,12.2,0.7507999999999999,0.9112,0.7708425347933333,0
SV1170,5.52,1,94,94.22,25,11,0,4,24,15.3,0.6563999999999999,0.9422,0.7160753405069336,1
SV1171,7.17,0,37,88.99,24,12,3,5,30,14.8,0.8018999999999998,0.8898999999999999,0.6708868837599329,0
SV1172,5.82,2,83,81.98,25,11,0,4,26,11.2,0.6474,0.8198000000000001,0.7251662493912311,1
SV1173,4.66,0,129,79.34,30,8,0,5,31,4.8,0.6262,0.7934,0.7920176744967524,0
SV1174,4.58,1,33,74.44,19,9,0,4,16,9.4,0.5906,0.7444,0.6431263319276045,0
SV1175,6.76,0,52,59.81,15,13,7,6,20,8.3,0.7731999999999999,0.5981000000000001,0.5241906626264733,1
SV1176,8.87,0,59,63.67,18,8,3,3,26,10.3,0.9208999999999998,0.6367,0.5597560620327608,0
SV1177,6.74,0,88,73.77,32,5,2,2,31,16.1,0.7718,0.7376999999999999,0.6490180038584056,0
SV1178,6.32,0,79,81.62,18,8,4,6,24,14.4,0.7424,0.8162,0.5673318203201803,0
SV1179,6.93,0,132,99.61,29,10,0,4,32,16.9,0.7850999999999999,0.9961,0.7768292157153158,0
SV1180,8.46,0,119,77.37,23,9,0,4,24,9.7,0.8922000000000001,0.7737,0.7038802107723496,0
SV1181,6.83,0,105,93.05,26,9,0,2,31,21.1,0.7781,0.9305,0.7267183495546686,0
SV1182,5.88,0,94,94.19,26,14,0,3,20,16.0,0.7116,0.9419,0.6903547289607397,0
SV1183,8.16,0,102,74.53,22,14,5,6,20,12.7,0.8712,0.7453,0.6016104280074925,0
SV1184,7.14,0,64,86.92,21,10,4,9,26,15.6,0.7998,0.8692,0.6546721197369046,0
SV1185,8.8,0,116,74.35,19,14,3,3,34,7.9,0.9159999999999999,0.7434999999999999,0.6407199392627483,0
SV1186,6.77,0,57,97.83,28,8,0,1,32,0.0,0.7738999999999999,0.9783,0.7298225576983464,0
SV1187,4.66,1,115,,27,9,2,1,30,8.4,0.5962000000000001,0.8754000000000001,0.6419068355078176,0
SV1188,,1,126,60.14,25,6,3,6,24,16.5,0.5815,0.6014,0.6100147387009955,1
SV1189,8.98,0,96,80.42,22,15,0,4,30,12.5,0.9285999999999999,0.8042,0.7250553943761281,0
SV1190,9.09,0,85,100.0,35,10,0,5,32,11.2,0.9362999999999999,1.0,0.8270509430733427,0
SV1191,6.23,0,102,75.28,27,13,2,5,26,6.9,0.7361,0.7528,0.6976644133608931,0
SV1192,5.93,0,4,84.72,27,14,0,6,32,0.3,0.7151,0.8472,0.7919068302834964,1
SV1193,8.69,0,99,86.19,26,10,3,4,28,20.5,0.9082999999999999,0.8619,0.648047039489721,0
SV1194,4.84,1,87,62.45,20,13,5,1,21,10.8,0.6088,0.6245,0.5199309950591007,1
SV1195,5.16,1,88,85.66,24,8,2,4,35,9.4,0.6312,0.8565999999999999,0.6799777829073176,0
SV1196,7.46,0,111,57.09,20,6,2,3,26,8.0,0.8222,0.5709000000000001,0.5810420817237307,0
SV1197,5.91,2,88,68.62,22,10,4,2,20,19.5,0.6537,0.6862,0.5380424171340406,1
SV1198,6.49,0,56,94.14,25,6,0,6,24,17.3,0.7543,0.9414,0.7433480349972996,0
SV1199,6.25,0,86,83.35,34,10,1,6,29,6.2,0.7375,0.8334999999999999,0.7845897518952134,0
SV1200,7.01,0,92,73.43,20,10,0,0,25,19.0,0.7907,0.7343000000000001,0.6355875375914983,1
SV1201,8.61,0,93,84.7,28,6,0,6,39,11.1,0.9026999999999998,0.847,0.8298225341101975,0
SV1202,6.64,0,95,77.1,19,14,4,3,20,8.3,0.7647999999999999,0.7709999999999999,0.5587829255711062,0
SV1203,7.47,0,121,78.19,27,11,0,3,32,10.2,0.8229,0.7818999999999999,0.750997735301207,0
SV1204,3.42,3,57,87.85,29,9,3,4,30,7.3,0.44939999999999997,0.8785,0.6677383218310163,1
SV1205,6.43,1,95,67.09,21,9,5,4,28,4.1,0.7201,0.6709,0.5670097901071182,0
SV1206,5.24,2,129,78.61,23,6,4,2,30,16.7,0.6068,0.7861,0.5438802330762954,1
SV1207,4.67,1,38,73.32,24,9,2,4,27,10.7,0.5969,0.7332,0.6508868768907881,0
SV1208,5.18,1,95,54.22,28,8,7,3,30,15.7,0.6326,0.5422,0.5613377427185433,1
SV1209,6.0,0,72,64.19,26,11,3,3,25,13.7,0.72,0.6419,0.6273677215796462,0
SV1210,7.87,0,79,100.0,20,10,0,4,24,15.3,0.8509,1.0,0.6855875327361268,0
SV1211,4.51,1,63,83.77,29,13,0,5,32,0.0,0.5856999999999999,0.8377,0.7904655873427777,1
SV1212,6.55,2,85,58.15,18,21,4,5,17,6.8,0.6984999999999999,0.5815,0.5912106189439987,1
SV1213,5.77,1,140,54.89,18,11,4,6,18,15.4,0.6738999999999999,0.5489,0.5667257630006205,0
SV1214,6.01,0,52,76.32,18,8,2,2,20,4.4,0.7206999999999999,0.7631999999999999,0.5479378765203649,0
SV1215,8.0,0,55,100.0,30,9,0,3,33,14.2,0.8599999999999999,1.0,0.7738358641432155,0
SV1216,7.31,0,51,75.2,25,5,4,4,26,3.7,0.8116999999999999,0.752,0.5473884832857311,0
SV1217,8.51,0,140,97.6,31,10,0,7,32,12.1,0.8956999999999999,0.976,0.8299334245591764,0
SV1218,6.27,0,76,83.28,35,12,2,4,28,21.7,0.7388999999999999,0.8328,0.738089921275398,0
SV1219,5.46,1,89,85.07,27,8,1,4,36,16.6,0.6522,0.8506999999999999,0.7383714678795166,0
SV1220,6.16,0,78,57.96,22,15,1,2,25,0.9,0.7312,0.5796,0.6500554006011618,0
SV1221,6.86,1,62,92.06,25,5,0,9,30,17.1,0.7502,0.9206,0.8115298355069468,0
SV1222,6.76,3,83,72.98,26,14,3,5,26,22.9,0.6831999999999999,0.7298,0.6743119543071681,1
SV1223,4.87,3,140,90.95,31,7,0,6,32,28.8,0.5509,0.9095,0.816297045019629,0
SV1224,6.64,0,132,65.79,22,12,1,2,21,14.9,0.7647999999999999,0.6579,0.62610434709847,0
SV1225,6.84,0,64,80.66,25,11,6,8,32,3.8,0.7787999999999999,0.8066,0.6658079761813862,0
SV1226,10.0,0,109,83.28,19,10,0,5,32,14.6,1.0,0.8328,0.7294899698431225,0
SV1227,9.32,0,65,75.69,17,9,1,4,24,21.6,0.9523999999999999,0.7569,0.6272948542554602,0
SV1228,5.22,0,37,84.07,29,11,0,1,34,10.9,0.6654,0.8406999999999999,0.7450110410458933,0
SV1229,6.07,0,121,74.0,31,9,2,6,30,18.3,0.7248999999999999,0.74,0.7344788907988444,0
SV1230,4.3,2,125,68.26,27,10,0,3,26,7.0,0.5409999999999999,0.6826000000000001,0.7237250050119515,1
SV1231,5.61,0,121,100.0,32,12,0,2,30,14.2,0.6927,1.0,0.7587582711849613,1
SV1232,6.97,0,76,93.73,40,9,0,3,40,0.0,0.7878999999999999,0.9373,0.8666296535071446,0
SV1233,8.31,0,85,66.59,18,4,1,4,25,6.3,0.8816999999999999,0.6659,0.5979378415245069,0
SV1234,5.41,3,112,86.53,27,10,4,5,32,12.0,0.5887,0.8653,0.6639847617643525,1
SV1235,5.52,2,102,66.86,27,12,2,3,22,9.8,0.6263999999999998,0.6686,0.648400345610701,1
SV1236,3.28,0,78,60.23,18,14,5,4,21,4.2,0.5296,0.6023,0.5544929143486976,0
SV1237,6.26,1,41,93.51,28,8,1,1,26,9.0,0.7081999999999999,0.9351,0.6581053970948346,0
SV1238,,2,93,52.44,23,11,5,5,24,14.0,0.5836999999999999,0.5244,0.5925166004259845,1
SV1239,5.71,1,122,91.9,29,10,0,1,28,11.5,0.6697,0.919,0.7177383107566377,1
SV1240,5.18,0,54,74.21,26,7,2,3,25,12.4,0.6626,0.7421,0.6241931062861236,0
SV1241,6.36,1,109,74.83,27,6,2,5,24,16.4,0.7152000000000001,0.7483,0.6419068234210432,0
SV1242,,1,100,84.15,36,12,2,9,34,9.9,0.5402,0.8415,0.839642020738651,0
SV1243,4.3,0,113,86.72,27,9,3,3,22,20.2,0.601,0.8672,0.6055432022433545,0
SV1244,9.69,0,116,65.6,24,13,4,4,28,6.1,0.9783,0.6559999999999999,0.6340419687603709,0
SV1245,4.57,1,69,88.77,25,17,1,3,32,23.6,0.5899000000000001,0.8876999999999999,0.7165804068011871,0
SV1246,4.85,1,41,79.7,29,13,3,3,28,18.7,0.6094999999999999,0.797,0.6700110552375237,1
SV1247,9.26,0,74,59.16,21,8,1,2,32,9.9,0.9481999999999999,0.5916,0.6563315603562001,0
SV1248,10.0,0,117,75.45,24,5,4,6,29,10.3,1.0,0.7545000000000001,0.5822000105786773,0
SV1249,4.74,0,74,98.72,37,7,0,6,34,13.2,0.6317999999999999,0.9872,0.8619733188652592,0
SV1250,5.95,0,69,100.0,27,7,0,4,30,15.6,0.7164999999999999,1.0,0.7555431680343877,0
SV1251,7.01,0,35,88.76,31,16,1,4,38,18.6,0.7907,0.8876000000000001,0.7927676701119486,0
SV1252,9.09,0,140,60.14,27,10,2,4,26,4.0,0.9362999999999999,0.6014,0.6706947129641996,0
SV1253,5.02,4,115,85.36,22,14,1,5,26,14.6,0.5314,0.8536,0.6938432741153383,1
SV1254,6.13,2,113,90.76,27,12,0,5,30,0.0,0.6691,0.9076000000000001,0.7691795542406006,1
SV1255,7.67,0,119,88.89,27,11,3,3,24,10.9,0.8369,0.8889,0.6289198279643862,0
SV1256,7.15,1,107,89.77,25,6,1,3,24,20.7,0.7705000000000001,0.8976999999999999,0.6452961083514304,0
SV1257,5.94,1,83,83.45,29,8,2,2,28,3.5,0.6858000000000001,0.8345,0.6513746811533313,0
SV1258,6.3,0,85,76.91,29,4,1,0,30,2.4,0.7409999999999999,0.7691,0.6331928332442498,0
SV1259,4.44,2,77,68.87,27,9,4,4,38,13.3,0.5508,0.6887000000000001,0.6688299163357303,0
SV1260,6.14,0,140,49.53,14,9,1,6,24,20.3,0.7298,0.4953,0.6362748965681826,0
SV1261,6.1,0,107,83.09,37,9,0,3,36,14.0,0.727,0.8309000000000001,0.8301551532578831,0
SV1262,,1,76,80.79,28,8,3,3,25,0.6,0.7494999999999999,0.8079000000000001,0.6161862158594997,1
SV1263,5.67,1,104,86.36,24,8,0,5,29,1.9,0.6668999999999999,0.8636,0.7463414006511223,0
SV1264,7.21,0,60,57.94,28,5,0,7,31,12.6,0.8047,0.5794,0.8070952476363733,0
SV1265,8.02,0,135,87.68,32,15,2,1,33,4.9,0.8613999999999999,0.8768,0.7116994611573876,0
SV1266,6.73,0,70,100.0,24,8,0,4,24,12.8,0.7711,1.0,0.7099777660436841,1
SV1267,7.03,0,105,79.18,22,8,4,3,26,13.2,0.7921,0.7918000000000001,0.5599038853219499,0
SV1268,6.58,0,122,77.08,27,11,2,6,28,9.1,0.7605999999999999,0.7707999999999999,0.7121865535123653,0
SV1269,,5,102,82.64,23,11,1,2,24,22.9,0.605,0.8264,0.6432741665345141,1
SV1270,5.42,2,93,100.0,31,8,3,2,26,15.5,0.6194,1.0,0.6253879903856203,1
SV1271,6.97,2,90,62.65,24,10,5,7,31,19.3,0.7279,0.6265,0.6493717332176924,0
SV1272,6.35,0,88,81.05,28,8,0,4,30,17.5,0.7444999999999999,0.8105,0.7616407360041318,1
SV1273,9.64,0,73,66.01,21,5,4,4,30,11.1,0.9748000000000001,0.6601,0.5411800577467711,0
SV1274,8.86,0,77,69.79,25,11,3,3,24,10.8,0.9201999999999999,0.6979000000000001,0.6167247063106086,0
SV1275,7.08,0,134,77.26,23,17,3,5,26,10.2,0.7955999999999999,0.7726000000000001,0.6666075094977818,0
SV1276,5.36,3,87,98.21,35,8,4,4,32,16.1,0.5851999999999999,0.9821,0.6800812651210907,0
SV1277,4.83,0,66,100.0,33,11,0,2,28,8.1,0.6380999999999999,1.0,0.75576492009725,0
SV1278,8.29,0,75,84.72,24,8,2,2,26,22.4,0.8802999999999999,0.8472,0.6117959681345899,0
SV1279,6.89,0,123,72.35,21,7,6,4,22,7.5,0.7823,0.7234999999999999,0.49797882349528344,0
SV1280,7.22,0,110,100.0,30,6,0,4,31,13.3,0.8053999999999999,1.0,0.7783812954333963,0
SV1281,3.88,3,107,71.59,24,17,3,6,37,10.6,0.48160000000000003,0.7159,0.7363414315850014,1
SV1282,7.89,0,82,69.43,28,10,4,3,38,9.3,0.8522999999999998,0.6943,0.6700823244507452,0
SV1283,7.18,0,107,51.38,17,8,4,4,26,25.0,0.8026,0.5138,0.5430524435842004,0
SV1284,4.83,0,71,98.94,36,13,0,7,26,9.4,0.6380999999999999,0.9894,0.8331485112714951,0
SV1285,5.79,0,82,92.52,30,9,1,1,27,10.2,0.7052999999999999,0.9251999999999999,0.6792904211413774,0
SV1286,6.9,1,119,100.0,24,11,0,3,29,8.0,0.753,1.0,0.7190686894940944,0
SV1287,6.58,0,116,57.16,17,12,5,7,22,12.2,0.7605999999999999,0.5716,0.581465993128717,1
SV1288,6.06,3,61,99.87,29,14,0,3,32,11.4,0.6342,0.9987,0.763192864747191,1
SV1289,6.34,0,64,79.05,35,11,2,1,32,5.3,0.7438,0.7905,0.7109670459125988,0
SV1290,6.12,0,93,90.09,27,11,0,6,26,9.5,0.7283999999999999,0.9009,0.7646340958383973,0
SV1291,6.73,1,140,53.28,16,13,2,5,20,15.7,0.7411000000000001,0.5328,0.6033185176122242,1
SV1292,8.71,0,33,100.0,36,10,0,5,32,18.2,0.9097,1.0,0.8331485039002314,0
SV1293,2.65,1,98,89.8,26,6,0,3,24,12.1,0.4555,0.898,0.7085365086341054,1
SV1294,6.14,0,49,77.42,25,15,0,4,24,12.4,0.7298,0.7742,0.7160753502039018,1
SV1295,6.76,0,71,87.68,25,20,4,7,26,9.8,0.7731999999999999,0.8768,0.6994086923893922,0
SV1296,6.94,0,79,66.52,25,12,5,3,32,9.0,0.7858,0.6652,0.6211555745785374,0
SV1297,5.94,1,77,69.31,20,12,6,2,25,6.5,0.6858000000000001,0.6931,0.5295269542367356,1
SV1298,3.86,0,74,71.05,19,11,0,3,26,2.7,0.5702,0.7105,0.6749445220332042,0
SV1299,6.99,0,90,50.21,23,8,2,4,28,7.8,0.7893,0.5021,0.6420620409853874,0
SV1300,9.09,0,74,90.93,32,10,1,3,30,17.4,0.9362999999999999,0.9093000000000001,0.7360309974935018,0
SV1301,,2,46,95.87,33,11,0,3,36,9.5,0.534,0.9587,0.8057649180311346,1
SV1302,7.8,0,113,67.48,26,12,1,3,24,9.9,0.8459999999999999,0.6748000000000001,0.6777673161291656,0
SV1303,6.01,0,113,83.22,30,19,1,4,25,9.8,0.7206999999999999,0.8321999999999999,0.7311086164471602,0
SV1304,6.41,0,115,74.02,21,11,3,7,26,19.5,0.7486999999999999,0.7402,0.6559708214741284,0
SV1305,4.92,3,44,82.92,30,10,0,7,25,6.4,0.5544,0.8292,0.7920176826372463,1
SV1306,6.0,0,99,68.59,19,10,1,3,22,13.7,0.72,0.6859000000000001,0.6203990712067577,0
SV1307,8.45,0,110,64.75,19,15,2,5,32,11.6,0.8915,0.6475,0.6824311655524623,1
SV1308,7.37,1,59,93.78,26,6,2,1,31,12.4,0.7858999999999999,0.9378,0.6130819941024185,0
SV1309,9.1,0,90,77.04,27,9,3,3,28,13.5,0.9369999999999998,0.7704000000000001,0.632815928896247,0
SV1310,8.27,0,87,100.0,22,11,0,0,26,12.3,0.8789,1.0,0.6523281173237875,0
SV1311,7.16,0,140,78.69,32,6,3,2,29,16.8,0.8011999999999999,0.7868999999999999,0.6208794871131834,0
SV1312,9.12,0,140,64.11,22,11,3,0,27,185.39999999999998,0.9383999999999999,0.6411,0.5711592999663057,1
SV1313,7.16,0,40,96.4,25,9,0,6,26,22.5,0.8011999999999999,0.9640000000000001,0.7524389661038133,0
SV1314,7.74,1,140,87.46,34,17,0,7,35,12.3,0.8118,0.8745999999999999,0.8618624868368746,0
SV1315,6.06,0,63,88.9,24,7,3,2,30,1.8,0.7242,0.889,0.5899777899031846,1
SV1316,6.6,0,119,95.86,24,18,0,3,27,15.8,0.7619999999999999,0.9586,0.7099777947512089,0
SV1317,5.45,0,119,68.21,22,13,4,7,22,14.4,0.6815,0.6820999999999999,0.6354832076437837,0
SV1318,7.98,0,60,76.09,18,11,2,0,29,12.2,0.8586,0.7609,0.5800357861323493,0
SV1319,4.73,3,105,75.43,30,3,0,4,28,10.4,0.5411,0.7543000000000001,0.7647448654403166,1
SV1320,7.67,0,87,58.64,20,3,3,3,24,0.0,0.8369,0.5864,0.4719511770061008,0
SV1321,6.21,0,107,74.05,21,10,1,7,24,0.3,0.7346999999999999,0.7404999999999999,0.69623055133161,0
SV1322,8.26,0,97,98.05,30,9,1,4,28,21.9,0.8781999999999999,0.9804999999999999,0.7247449627736091,0
SV1323,7.63,0,126,,27,12,1,7,34,8.5,0.8341000000000001,0.8156,0.7838648709643193,0
SV1324,9.23,0,92,57.81,24,15,3,1,29,17.8,0.9460999999999999,0.5781000000000001,0.6251293158791545,1
SV1325,7.6,0,85,54.66,16,10,2,2,18,2.4,0.8319999999999999,0.5466,0.5399851835378444,1
SV1326,4.14,2,123,100.0,29,9,0,3,34,5.7,0.5297999999999999,1.0,0.7722837577584756,1
SV1327,6.4,1,107,76.65,27,3,1,5,28,16.1,0.718,0.7665000000000001,0.6600886036896523,0
SV1328,4.74,0,112,68.29,23,10,7,1,22,11.4,0.6317999999999999,0.6829000000000001,0.4891743629486378,0
SV1329,5.72,1,70,73.89,25,21,0,1,30,15.2,0.6703999999999999,0.7389,0.7024389972857581,1
SV1330,8.77,0,59,55.84,24,12,1,6,20,11.9,0.9138999999999999,0.5584,0.6882994638968762,0
SV1331,7.46,0,73,99.35,27,19,0,6,28,10.8,0.8222,0.9934999999999999,0.7737250200336974,0
SV1332,5.45,1,71,72.1,24,10,4,4,27,7.9,0.6515,0.721,0.6093284446762481,1
SV1333,4.98,0,114,98.51,29,10,1,2,36,4.8,0.6486000000000001,0.9851000000000001,0.7313746792690335,0
SV1334,6.55,0,119,78.77,28,7,3,4,33,20.4,0.7585,0.7877,0.6552771213305747,0
SV1335,4.68,1,85,99.44,31,15,0,3,30,21.4,0.5975999999999999,0.9944,0.7662970794214327,1
SV1336,5.49,1,133,81.85,23,7,3,4,24,5.8,0.6543000000000001,0.8184999999999999,0.5838802272167919,0
SV1337,6.97,2,131,90.8,13,6,0,8,24,5.4,0.7279,0.9079999999999999,0.6974500298680233,1
SV1338,8.23,3,97,88.79,33,11,0,1,32,9.9,0.7861,0.8879,0.7603103754691508,1
SV1339,7.41,0,65,87.35,27,7,2,4,28,14.0,0.8187,0.8734999999999999,0.657563392836153,0
SV1340,3.06,0,137,83.22,31,18,1,4,30,10.9,0.5142,0.8321999999999999,0.7588808169612471,0
SV1341,6.96,0,88,74.51,20,8,3,3,26,15.0,0.7871999999999999,0.7451000000000001,0.5719511836865384,0
SV1342,6.61,0,94,100.0,29,7,0,5,32,11.7,0.7626999999999999,1.0,0.7904655609691571,0
SV1343,7.12,0,80,64.4,28,9,8,2,27,11.3,0.7984,0.644,0.5324963913098968,1
SV1344,8.92,0,63,78.06,25,9,1,2,22,26.5,0.9243999999999999,0.7806000000000001,0.6397117071928841,0
SV1345,3.41,5,46,78.22,20,6,2,2,28,8.8,0.3887,0.7822,0.5764966282113339,1
SV1346,5.61,1,109,84.04,24,9,0,4,23,21.8,0.6627000000000001,0.8404,0.7054323171570897,0
SV1347,7.39,0,66,71.56,25,4,0,2,26,20.7,0.8172999999999999,0.7156,0.6978934609615004,0
SV1348,4.13,1,140,82.72,18,13,1,2,24,15.0,0.5590999999999999,0.8271999999999999,0.6175482711869177,0
SV1349,8.71,0,57,75.47,20,17,2,4,21,0.4,0.9097,0.7547,0.6298459274152177,0
SV1350,7.05,0,52,54.27,21,12,3,7,24,12.2,0.7934999999999999,0.5427000000000001,0.6525941994197627,0
SV1351,7.77,0,105,78.14,24,7,0,5,22,8.9,0.8438999999999999,0.7814,0.7145232124132257,0
SV1352,5.64,3,136,61.49,22,10,1,5,29,12.1,0.6047999999999999,0.6149,0.697782659575854,1
SV1353,7.72,0,92,51.98,18,10,3,4,20,5.6,0.8404,0.5197999999999999,0.5629029173374208,0
SV1354,8.1,0,107,80.05,22,17,6,4,20,16.5,0.867,0.8005,0.5752530376799071,0
SV1355,6.85,0,35,85.32,21,7,0,2,30,17.9,0.7794999999999999,0.8532,0.6916850782796664,0
SV1356,6.85,0,70,85.9,30,8,0,3,27,19.0,0.7794999999999999,0.8590000000000001,0.7465631319347688,0
SV1357,6.91,1,58,86.51,28,8,4,5,24,9.7,0.7537,0.8651000000000001,0.6146710661923735,0
SV1358,5.2,0,33,49.01,19,11,3,1,22,5.6,0.6639999999999999,0.4901,0.5437757076715899,1
SV1359,6.28,0,94,57.58,21,8,3,3,24,14.1,0.7396,0.5758,0.5689578356291296,1
SV1360,6.27,0,23,100.0,27,8,0,2,26,22.5,0.7388999999999999,1.0,0.7100886326152593,0
SV1361,7.08,0,50,62.29,26,7,3,3,28,12.4,0.7955999999999999,0.6229,0.606718365069359,1
SV1362,8.0,0,74,87.16,28,4,5,4,33,14.7,0.8599999999999999,0.8715999999999999,0.5530549073552653,0
SV1363,4.91,1,65,67.7,26,11,3,5,31,10.6,0.6136999999999999,0.677,0.6819131730259274,0
SV1364,6.31,0,102,79.2,32,11,0,6,32,9.0,0.7417,0.792,0.8223946266257336,0
SV1365,8.72,0,99,68.5,21,10,4,0,26,15.9,0.9104000000000001,0.685,0.5319448581666557,0
SV1366,5.38,0,117,86.42,28,15,0,11,28,11.4,0.6766,0.8642,0.8480043872300234,0
SV1367,5.27,2,113,80.05,25,12,2,0,28,14.4,0.6088999999999999,0.8005,0.622568863419733,1
SV1368,6.8,0,124,71.28,21,11,1,3,20,15.0,0.7759999999999999,0.7128,0.626533589508836,0
SV1369,7.77,0,90,62.25,27,14,5,8,32,14.1,0.8438999999999999,0.6225,0.7139164102411102,0
SV1370,6.52,0,99,82.02,27,10,1,4,24,15.3,0.7564,0.8201999999999999,0.6919068291028596,0
SV1371,8.49,0,105,59.81,31,8,3,3,30,6.9,0.8942999999999999,0.5981000000000001,0.6572061705509098,0
SV1372,7.79,2,94,84.41,35,12,1,2,30,6.5,0.7853,0.8441,0.7462817278273627,0
SV1373,7.76,0,78,100.0,34,9,0,1,32,11.7,0.8432,1.0,0.7664079282152332,0
SV1374,7.33,0,80,98.25,30,12,0,6,27,11.9,0.8130999999999999,0.9825,0.7874722357915149,0
SV1375,9.99,0,65,88.78,25,7,0,4,26,8.9,0.9992999999999999,0.8878,0.7251662286120152,0
SV1376,6.19,0,103,76.72,26,6,1,3,23,13.4,0.7333,0.7672,0.6468482147361704,0
SV1377,3.49,1,87,48.92,15,12,1,2,24,17.4,0.5143,0.4892,0.5970577846366949,1
SV1378,8.91,0,70,58.17,22,12,1,1,26,19.1,0.9237,0.5817,0.6351952569125194,0
SV1379,5.81,0,70,97.24,29,11,2,1,34,20.5,0.7066999999999999,0.9723999999999999,0.6834725898355638,0
SV1380,6.66,0,54,66.15,12,11,1,11,25,4.1,0.7662,0.6615000000000001,0.7034737134511355,1
SV1381,8.46,0,119,67.51,29,17,4,2,30,5.0,0.8922000000000001,0.6751,0.664275130427649,1
SV1382,4.1,2,92,75.52,26,6,1,1,24,10.3,0.5269999999999999,0.7552,0.6241209443849304,1
SV1383,4.62,2,64,62.07,30,9,0,4,23,12.5,0.5634,0.6207,0.7420176821184222,0
SV1384,4.1,0,114,59.6,22,9,6,3,27,10.6,0.587,0.596,0.5377826793196534,1
SV1385,5.31,2,73,77.24,22,7,0,2,23,8.7,0.6116999999999999,0.7724,0.6659644580115139,0
SV1386,7.16,1,48,64.63,16,10,5,7,22,10.2,0.7712,0.6463,0.5596821566232434,0
SV1387,7.29,0,121,66.88,19,11,3,1,24,14.9,0.8103,0.6688,0.5528666165558874,1
SV1388,6.91,0,74,66.28,24,8,4,8,25,4.0,0.7837000000000001,0.6628000000000001,0.6357353645170503,0
SV1389,4.38,2,78,85.84,36,9,0,1,40,26.1,0.5466,0.8584,0.8149666854062008,0
SV1390,3.03,3,91,74.52,24,9,3,4,25,12.1,0.4221,0.7452,0.6145232454858288,0
SV1391,6.58,2,124,75.32,28,9,0,4,25,18.3,0.7006,0.7532,0.7389134693489423,0
SV1392,5.79,1,91,86.95,30,8,1,3,27,8.5,0.6753,0.8695,0.7021186979841496,0
SV1393,,0,54,75.87,23,12,0,4,32,15.4,0.8033000000000001,0.7587,0.7402438574206487,0
SV1394,7.55,0,106,73.83,27,8,3,4,24,12.6,0.8285,0.7383,0.6191795629871565,0
SV1395,6.71,0,75,85.06,17,10,0,6,20,17.1,0.7697,0.8506,0.6763857572802543,0
SV1396,7.64,0,140,88.02,18,17,0,6,27,10.8,0.8348,0.8802,0.7143015156727699,0
SV1397,6.84,1,90,75.79,25,14,0,5,20,21.3,0.7487999999999999,0.7579,0.7115298929272393,0
SV1398,7.3,0,23,79.21,24,12,2,2,22,3.0,0.8109999999999999,0.7920999999999999,0.6164713007333403,0
SV1399,5.44,0,101,66.27,25,8,3,5,34,17.7,0.6808000000000001,0.6627,0.6660753481515609,0
SV1400,6.23,4,140,65.09,29,9,3,3,32,12.7,0.6161,0.6509,0.6631928683186197,1
SV1401,6.8,1,137,89.54,28,2,0,4,31,5.9,0.746,0.8954000000000001,0.7661860404463743,0
SV1402,7.73,0,140,84.67,28,11,1,3,35,23.7,0.8411,0.8467,0.7373983319292887,0
SV1403,5.91,2,59,84.83,29,13,0,4,22,23.1,0.6537,0.8482999999999999,0.7313746805245958,1
SV1404,,0,117,82.21,28,11,1,3,28,0.0,0.8095999999999999,0.8220999999999999,0.7055801508342474,1
SV1405,6.1,0,68,78.69,24,12,6,3,43,13.1,0.727,0.7868999999999999,0.6493717398996628,0
SV1406,6.32,0,97,88.45,29,7,1,7,34,16.2,0.7424,0.8845000000000001,0.7768292080396978,0
SV1407,7.74,1,52,92.03,23,7,2,2,32,14.7,0.8118,0.9203,0.6240822425038043,1
SV1408,3.51,0,71,91.67,27,6,0,5,26,21.1,0.5457,0.9167000000000001,0.7509977031386804,0
SV1409,4.56,2,70,76.49,33,5,2,5,32,19.8,0.5591999999999999,0.7648999999999999,0.7005701063175261,1
SV1410,4.28,0,117,98.8,22,8,1,4,24,13.6,0.5996,0.988,0.6533382104392875,0
SV1411,3.0,2,114,81.43,33,7,1,2,30,25.7,0.44999999999999996,0.8143,0.7148558215951861,0
SV1412,,2,98,87.49,26,9,0,4,23,17.6,0.6235999999999999,0.8748999999999999,0.7176274388108672,0
SV1413,7.62,0,49,82.23,20,13,2,4,26,9.9,0.8333999999999999,0.8223,0.6413451251759775,0
SV1414,6.07,2,81,81.71,27,11,1,3,38,8.7,0.6648999999999999,0.8170999999999999,0.7449371344288462,0
SV1415,6.8,1,68,66.96,16,14,4,5,21,19.5,0.746,0.6696,0.5723084223259773,0
SV1416,8.13,0,116,88.52,27,8,0,2,24,7.2,0.8691,0.8852,0.7009977237309618,0
SV1417,8.49,0,125,100.0,26,13,0,4,26,9.5,0.8942999999999999,1.0,0.7312638158125245,0
SV1418,6.4,3,122,72.38,31,7,5,7,32,10.6,0.6579999999999999,0.7238,0.6632667784480629,1
SV1419,8.53,0,67,79.06,25,11,2,3,28,14.1,0.8971,0.7906,0.6590823446685049,0
SV1420,6.64,0,8,71.31,26,10,1,5,30,10.8,0.7647999999999999,0.7131000000000001,0.7267183573255578,0
SV1421,5.24,2,37,70.68,17,11,0,4,26,4.1,0.6068,0.7068000000000001,0.6763857627761211,1
SV1422,5.61,1,133,100.0,31,15,0,4,28,19.0,0.6627000000000001,1.0,0.7708425329338294,1
SV1423,4.28,3,78,67.91,21,13,2,3,20,9.6,0.5096,0.6790999999999999,0.6065335969532795,1
SV1424,5.17,0,67,70.89,21,3,2,3,26,24.1,0.6618999999999999,0.7089,0.5271396320506244,1
SV1425,5.96,0,139,54.19,23,9,3,2,22,13.8,0.7172,0.5418999999999999,0.567516596539105,0
SV1426,7.71,0,128,66.64,19,15,1,8,24,19.6,0.8396999999999999,0.6664,0.7090354380585129,0
SV1427,9.08,0,91,52.37,25,7,7,7,28,15.8,0.9356,0.5236999999999999,0.5751662675435315,0
SV1428,4.43,0,81,87.48,18,13,0,2,26,19.9,0.6100999999999999,0.8748,0.6552106044040258,0
SV1429,7.09,0,86,100.0,34,11,0,4,34,15.4,0.7963,1.0,0.8164079323704201,0
SV1430,4.94,0,97,72.5,30,12,1,4,27,13.4,0.6457999999999999,0.725,0.7294302851598613,0
SV1431,7.21,1,138,53.0,20,5,4,3,29,18.6,0.7746999999999999,0.53,0.5169006800810394,0
SV1432,6.3,1,103,91.5,23,15,0,0,20,26.9,0.711,0.915,0.631152961194752,0
SV1433,3.75,2,112,67.1,24,5,3,8,26,10.4,0.5025,0.6709999999999999,0.6236141432647567,1
SV1434,,0,125,97.49,35,7,0,2,34,16.8,0.8522999999999998,0.9749,0.7952327476247042,0
SV1435,5.59,1,55,73.77,15,8,1,5,20,12.0,0.6613,0.7376999999999999,0.6061098292791655,0
SV1436,5.7,0,113,68.52,30,6,4,5,32,15.0,0.6990000000000001,0.6851999999999999,0.6365631549388973,0
SV1437,4.9,0,81,75.33,29,11,2,4,32,12.3,0.643,0.7533,0.7152907681413493,0
SV1438,5.52,1,15,89.37,31,10,0,0,30,0.0,0.6563999999999999,0.8937,0.7253879788980185,1
SV1439,7.14,0,26,74.59,23,9,4,3,20,10.8,0.7998,0.7459,0.5489851306728033,1
SV1440,6.22,0,59,70.55,25,13,5,3,28,18.0,0.7353999999999999,0.7055,0.6095097050819744,1
SV1441,6.99,0,106,75.02,26,9,3,4,32,7.4,0.7893,0.7502,0.6585365482346476,0
SV1442,7.04,0,93,58.92,21,8,4,3,30,17.5,0.7928,0.5892000000000001,0.5719881422636561,0
SV1443,8.48,0,96,83.96,29,11,0,4,26,13.1,0.8936,0.8395999999999999,0.7495564926987862,0
SV1444,5.99,2,140,,16,19,3,4,21,10.9,0.6593,0.512,0.5930154958541883,1
SV1445,4.28,1,52,71.34,17,8,0,8,22,17.4,0.5696000000000001,0.7134,0.7127493809579426,1
SV1446,8.1,0,89,89.39,29,9,4,4,38,16.1,0.867,0.8939,0.6810250379895079,0
SV1447,6.0,0,99,82.55,25,9,2,2,28,14.5,0.72,0.8255,0.6342571673664369,0
SV1448,8.17,0,68,86.85,24,14,1,1,28,18.1,0.8718999999999999,0.8684999999999999,0.6605838550666361,0
SV1449,7.08,0,91,,22,11,3,4,31,13.2,0.7955999999999999,0.7702,0.643886567321678,1
SV1450,6.3,1,42,95.55,25,15,1,2,24,2.1,0.711,0.9555,0.6638026286396793,0
SV1451,7.02,1,132,91.87,30,10,2,2,28,185.39999999999998,0.7614,0.9187000000000001,0.6708055795357747,1
SV1452,9.43,0,70,84.69,26,15,0,2,22,1.2,0.9601,0.8469,0.6858092773531043,0
SV1453,9.62,0,140,91.91,36,8,1,2,31,15.9,0.9733999999999998,0.9190999999999999,0.7432495183173828,0
SV1454,6.6,1,89,89.26,26,3,0,3,26,17.4,0.732,0.8926000000000001,0.7176273508517697,1
SV1455,6.74,0,121,71.41,26,10,5,2,30,17.7,0.7718,0.7141,0.5888395884458493,1
SV1456,8.11,0,88,57.84,11,10,4,3,16,14.9,0.8676999999999999,0.5784,0.46642379266636347,1
SV1457,5.23,2,89,84.31,21,6,0,5,24,185.39999999999998,0.6061,0.8431000000000001,0.7053214292930503,0
SV1458,7.0,0,72,86.19,35,11,2,2,26,2.5,0.7899999999999999,0.8619,0.6973306816564006,0
SV1459,6.46,0,94,94.36,27,9,0,7,28,11.4,0.7522,0.9436,0.7873613590385828,0
SV1460,6.97,0,100,63.96,26,6,1,1,29,3.5,0.7878999999999999,0.6396000000000001,0.6468482165956743,0
SV1461,5.25,2,66,64.4,18,11,1,7,20,9.9,0.6074999999999999,0.644,0.662786356614947,1
SV1462,4.12,0,86,84.9,31,13,0,9,30,21.7,0.5884,0.8490000000000001,0.8481152496990351,0
SV1463,3.39,1,72,76.93,27,5,1,5,32,18.6,0.5073000000000001,0.7693000000000001,0.7116037742360156,0
SV1464,4.82,1,140,49.71,17,16,2,5,30,16.0,0.6074,0.4971,0.6637595151075136,0
SV1465,5.81,1,87,83.63,28,14,2,4,23,10.9,0.6767,0.8362999999999999,0.6798225830340856,0
SV1466,6.06,0,136,50.21,12,13,1,5,23,6.0,0.7242,0.5021,0.6173265389735194,0
SV1467,9.41,0,84,63.82,26,6,0,5,27,13.1,0.9586999999999999,0.6382,0.7494455967539404,0
SV1468,8.16,0,98,98.28,26,17,0,6,31,18.7,0.8712,0.9828,0.781263820056475,0
SV1469,5.06,1,50,100.0,34,8,0,4,37,14.5,0.6242,1.0,0.8300442820605057,0
SV1470,7.02,0,77,59.77,30,9,1,5,23,2.5,0.7913999999999999,0.5977,0.7156540529595596,0
SV1471,5.89,0,96,73.06,24,4,2,2,29,12.6,0.7122999999999999,0.7306,0.5720989856832627,0
SV1472,6.07,0,138,78.64,31,13,1,4,26,0.5,0.7248999999999999,0.7864,0.7331801956141578,0
SV1473,6.78,3,97,100.0,22,6,0,2,24,16.8,0.6846,1.0,0.670509902929856,0
SV1474,7.43,0,132,70.61,34,7,2,1,33,7.8,0.8201,0.7061,0.6820645036450351,0
SV1475,5.99,2,109,70.85,21,15,4,5,22,4.7,0.6593,0.7084999999999999,0.6120200441391211,1
SV1476,8.1,2,139,100.0,31,13,0,8,30,16.9,0.8069999999999999,1.0,0.8344788873023408,0
SV1477,4.79,1,88,72.38,26,7,1,4,26,15.4,0.6053,0.7238,0.6812638028317585,1
SV1478,6.51,0,140,88.83,31,10,2,1,26,13.4,0.7557,0.8883,0.6541758690816716,0
SV1479,10.0,0,75,55.84,26,11,0,1,27,25.2,1.0,0.5584,0.6949001774701856,0
SV1480,6.83,0,67,75.43,28,7,0,7,29,15.8,0.7781,0.7543000000000001,0.7980043616092108,0
SV1481,8.65,0,54,53.11,16,12,2,5,25,8.1,0.9055,0.5311,0.6222362646347596,1
SV1482,6.64,0,140,62.17,26,11,3,4,28,15.1,0.7647999999999999,0.6217,0.6546404473027868,0
SV1483,7.37,0,115,90.59,23,14,0,3,28,10.3,0.8158999999999998,0.9059,0.7084256820172634,0
SV1484,6.41,1,80,77.25,33,14,2,7,32,19.6,0.7187,0.7725,0.7921285643379512,0
SV1485,6.24,0,127,73.21,24,5,5,2,25,13.7,0.7367999999999999,0.7321,0.48725052569244004,0
SV1486,5.33,1,111,66.77,22,7,2,5,29,14.3,0.6431,0.6677,0.6452574055405522,1
SV1487,7.15,0,140,74.69,23,10,0,5,28,3.3,0.8005,0.7469,0.7356983953820825,0
SV1488,5.22,0,44,82.52,23,6,0,4,26,12.4,0.6654,0.8251999999999999,0.7129710974344311,0
SV1489,7.5,0,82,92.74,23,11,1,6,28,11.7,0.825,0.9274,0.7160014338898866,0
SV1490,8.13,0,76,38.62,23,6,1,6,28,5.9,0.8691,0.3862,0.6921918916563308,1
SV1491,7.05,0,31,65.52,18,9,7,4,23,10.7,0.7934999999999999,0.6552,0.4938469825776975,0
SV1492,6.07,0,122,80.39,31,9,0,2,30,14.6,0.7248999999999999,0.8039000000000001,0.7526606992469637,0
SV1493,7.18,0,82,76.52,29,13,2,6,26,12.0,0.8026,0.7652,0.723495897411365,0
SV1494,6.04,0,112,84.05,22,6,1,4,27,3.5,0.7227999999999999,0.8405,0.6542761515939047,0
SV1495,7.9,0,140,,26,11,0,8,30,10.4,0.853,0.8201,0.8039910775734922,0
SV1496,3.75,0,79,73.43,36,9,0,6,38,9.2,0.5625,0.7343000000000001,0.874057588505375,0
SV1497,6.0,1,77,70.1,22,10,1,8,33,13.2,0.69,0.701,0.7568735645345319,1
SV1498,3.51,2,94,74.32,25,8,0,2,32,12.5,0.48569999999999997,0.7432,0.7251662376143744,1
SV1499,4.26,1,120,95.23,30,10,0,2,36,9.5,0.5682,0.9523,0.7738358695174109,0
SV1500,8.55,0,73,67.02,22,13,6,9,29,9.3,0.8985000000000001,0.6701999999999999,0.6623759747060003,0
SV1501,7.84,0,71,77.06,24,11,5,5,30,12.4,0.8488,0.7706000000000001,0.6258868879057659,0
SV1502,5.42,1,122,80.75,19,11,0,7,22,17.8,0.6494,0.8075,0.7113081538513865,0
SV1503,4.25,0,101,100.0,25,11,0,1,22,13.7,0.5974999999999999,1.0,0.666075344432553,0
SV1504,2.05,1,29,73.5,22,13,3,6,31,20.5,0.4135,0.735,0.6818735799658318,0
SV1505,5.68,3,53,92.38,26,10,0,5,28,18.8,0.6075999999999999,0.9238,0.7539910778627488,0
SV1506,10.0,0,135,,28,10,0,4,27,21.0,1.0,0.9648,0.7480043826776833,0
SV1507,7.15,0,102,77.04,26,8,4,4,26,20.2,0.8005,0.7704000000000001,0.5979304910261992,0
SV1508,5.66,0,67,74.84,25,15,3,5,26,21.4,0.6961999999999999,0.7484000000000001,0.6721359629663743,0
SV1509,7.2,0,85,73.06,27,15,3,1,32,5.1,0.804,0.7306,0.6570583616862672,0
SV1510,4.16,0,90,74.16,18,13,4,11,21,15.9,0.5912,0.7415999999999999,0.6610929594808572,0
SV1511,6.05,0,112,90.81,31,13,3,4,26,19.3,0.7235,0.9081,0.686751630403698,0
SV1512,6.65,0,49,81.47,20,12,0,6,28,20.4,0.7655,0.8147,0.731042081964776,1
SV1513,6.37,1,65,,19,10,4,5,16,7.4,0.7159,0.8153,0.5424770040748622,0
SV1514,7.69,0,98,61.12,18,12,4,7,28,15.9,0.8383,0.6112,0.6324833372910246,1
SV1515,7.02,0,87,63.49,17,9,2,6,20,12.5,0.7913999999999999,0.6349,0.603658494800914,0
SV1516,7.5,3,107,100.0,29,14,0,5,24,23.1,0.7349999999999999,1.0,0.7541019540033894,0
SV1517,5.47,3,53,75.33,23,11,4,3,32,3.7,0.5928999999999999,0.7533,0.6199408421350641,1
SV1518,7.85,0,101,66.38,30,10,4,3,29,7.4,0.8494999999999999,0.6638,0.641368356125184,1
SV1519,8.94,0,123,99.47,24,12,0,9,35,1.1,0.9258,0.9947,0.8281595935574554,0
SV1520,5.04,2,105,82.23,29,10,3,3,32,12.9,0.5928,0.8223,0.6708851773422879,0
SV1521,5.17,1,94,86.67,29,12,2,3,32,25.6,0.6319,0.8667,0.7060500116859662,0
SV1522,8.5,0,87,75.93,23,8,4,4,24,11.7,0.895,0.7593000000000001,0.5705468996612354,0
SV1523,6.21,0,65,73.22,22,6,3,2,22,12.6,0.7346999999999999,0.7322,0.5280856977492544,0
SV1524,8.61,0,88,75.46,21,7,2,4,26,15.3,0.9026999999999998,0.7545999999999999,0.6118871189905228,0
SV1525,5.84,3,128,57.26,21,13,2,5,26,185.39999999999998,0.6187999999999999,0.5726,0.6610790483995606,1
SV1526,8.68,0,86,76.68,23,6,0,6,20,14.2,0.9076,0.7668,0.7129710955749273,0
SV1527,6.7,0,63,82.44,25,5,2,5,22,14.4,0.7689999999999999,0.8244,0.6063350752809283,0
SV1528,6.89,1,75,100.0,31,3,0,3,28,6.9,0.7523,1.0,0.757206063870511,0
SV1529,8.85,0,96,79.29,26,18,1,4,35,11.4,0.9195,0.7929,0.7511202850375472,0
SV1530,5.96,0,79,42.99,18,13,5,6,19,16.5,0.7172,0.4299,0.5668267765044972,0
SV1531,5.09,1,105,76.59,20,8,3,9,25,17.6,0.6263000000000001,0.7659,0.6492239036245556,1
SV1532,5.83,0,106,100.0,31,9,0,6,28,19.8,0.7081,1.0,0.7981152399494436,0
SV1533,7.18,0,117,91.0,24,8,1,6,26,14.0,0.8026,0.91,0.7018969657707512,0
SV1534,4.15,1,133,65.84,25,3,3,10,26,14.1,0.5605,0.6584,0.6069844268017024,1
SV1535,7.46,0,120,,34,12,2,6,31,16.5,0.8222,0.8687,0.7729014485683443,0
SV1536,,2,62,66.87,28,7,0,5,28,8.4,0.6383000000000001,0.6687000000000001,0.7661861823736733,1
SV1537,8.22,0,63,57.69,27,15,2,2,32,8.2,0.8754,0.5769,0.6903025649774893,1
SV1538,2.91,0,88,72.77,23,8,1,5,24,11.3,0.5037,0.7277,0.6730721336628706,1
SV1539,5.32,1,76,79.37,30,8,0,3,25,4.3,0.6424000000000001,0.7937000000000001,0.7374722230504712,0
SV1540,3.97,0,56,49.92,21,9,2,8,30,14.4,0.5779,0.49920000000000003,0.7007760073233453,0
SV1541,5.26,0,77,60.76,23,14,3,8,36,18.3,0.6681999999999999,0.6076,0.7423829034380725,0
SV1542,6.87,0,76,78.16,27,17,1,3,24,7.7,0.7808999999999999,0.7816,0.6924118929177744,1
SV1543,6.23,0,70,71.88,26,9,0,4,34,14.6,0.7361,0.7188,0.7676274376745036,0
SV1544,6.12,0,81,83.92,26,9,1,1,26,8.2,0.7283999999999999,0.8392000000000001,0.6503547233916736,1
SV1545,6.26,0,125,59.78,13,14,5,6,22,5.9,0.7382,0.5978,0.5558232894497912,0
SV1546,6.81,0,96,88.71,23,13,2,4,30,24.3,0.7767,0.8870999999999999,0.6778196254252389,0
SV1547,4.99,0,140,60.24,28,9,2,3,34,6.0,0.6493,0.6024,0.6934589388966902,1
SV1548,7.56,0,95,100.0,28,9,0,3,34,4.3,0.8291999999999999,1.0,0.7661861969315868,0
SV1549,7.49,0,81,52.26,18,13,3,1,30,13.3,0.8243,0.5226,0.5847560702326561,0
SV1550,7.08,0,90,61.61,18,15,4,5,21,13.6,0.7955999999999999,0.6161,0.589181907216306,0
SV1551,7.33,0,98,84.26,22,12,2,0,27,16.0,0.8130999999999999,0.8426,0.599730726496918,0
SV1552,6.94,0,103,100.0,36,4,0,4,28,24.0,0.7858,1.0,0.8013302637349631,0
SV1553,9.55,0,140,82.73,33,12,2,2,34,7.3,0.9684999999999999,0.8273,0.7258948014811244,0
SV1554,,1,65,86.44,29,9,0,5,36,8.5,0.7159,0.8644,0.8086473914361617,0
SV1555,6.04,1,116,78.26,30,13,1,5,28,21.7,0.6928,0.7826000000000001,0.7498099060682609,0
SV1556,5.37,4,96,62.6,21,12,4,8,26,17.6,0.5559000000000001,0.626,0.6553214732840876,1
SV1557,4.95,1,43,70.65,27,14,1,4,28,16.8,0.6165,0.7065,0.7197856247373853,1
SV1558,4.63,0,113,59.82,32,12,3,4,37,8.5,0.6240999999999999,0.5982,0.7378491890733899,1
SV1559,,2,128,58.82,19,6,6,6,28,18.8,0.6019,0.5882000000000001,0.5249445378045525,1
SV1560,,1,64,84.03,28,15,0,3,24,16.8,0.7173,0.8403,0.7207316702878738,0
SV1561,7.0,0,90,61.15,26,14,4,7,29,13.1,0.7899999999999999,0.6114999999999999,0.6969203909254437,0
SV1562,6.58,0,38,82.79,26,11,0,3,22,8.5,0.7605999999999999,0.8279000000000001,0.6994456300528304,0
SV1563,5.35,0,52,58.47,22,17,4,4,27,12.6,0.6744999999999999,0.5847,0.6352285661063701,0
SV1564,7.85,0,121,82.45,33,9,0,7,30,21.9,0.8494999999999999,0.8245,0.8330376328842128,0
SV1565,7.61,0,76,70.67,25,15,4,3,30,5.4,0.8327,0.7067,0.6455011981904777,0
SV1566,6.26,1,57,99.1,31,12,2,4,28,7.2,0.7081999999999999,0.991,0.713699677967843,0
SV1567,5.52,1,97,,30,7,0,1,38,8.2,0.6563999999999999,0.8286,0.7692903988621611,0
SV1568,7.32,0,74,96.54,32,9,0,3,27,9.5,0.8124,0.9654,0.7587582591441006,0
SV1569,6.78,0,76,66.67,25,7,6,4,28,11.9,0.7746,0.6667000000000001,0.549641793455731,1
SV1570,4.33,2,112,78.84,22,13,1,2,26,17.8,0.5430999999999999,0.7884,0.6510294233787702,1
SV1571,6.4,0,55,63.28,28,10,6,3,33,14.8,0.748,0.6328,0.6116407713088785,0
SV1572,6.89,0,63,71.8,16,16,0,5,25,12.4,0.7823,0.718,0.6793791212674124,0
SV1573,5.15,1,95,74.07,22,9,2,3,18,13.7,0.6305000000000001,0.7406999999999999,0.5841463028609775,1
SV1574,6.78,0,119,67.11,24,9,5,4,31,15.7,0.7746,0.6711,0.5989388359142308,0
SV1575,4.32,1,127,59.77,23,9,2,7,30,1.9,0.5724,0.5977,0.6993347665804286,1
SV1576,8.5,0,70,56.8,25,10,5,3,30,18.4,0.895,0.568,0.596378390015655,0
SV1577,8.37,0,118,42.9,17,12,5,5,24,7.0,0.8858999999999999,0.429,0.5632841772196259,0
SV1578,6.12,1,66,62.15,17,14,2,2,18,9.3,0.6983999999999999,0.6214999999999999,0.5627494169341767,1
SV1579,7.05,0,140,87.41,19,14,2,2,30,14.0,0.7934999999999999,0.8741,0.6294899918937393,0
SV1580,2.89,1,56,54.02,23,12,3,6,28,11.5,0.47230000000000005,0.5402,0.6693347764454409,1
SV1581,4.77,0,130,57.48,24,9,5,3,30,14.9,0.6338999999999999,0.5748,0.5807570190753877,0
SV1582,6.06,0,70,100.0,31,9,0,7,32,12.9,0.7242,1.0,0.8299334201147329,0
SV1583,4.89,4,140,68.45,28,7,6,2,27,10.3,0.5223,0.6845,0.5361162967008599,1
SV1584,7.57,0,108,82.82,25,11,3,2,38,21.2,0.8298999999999999,0.8281999999999999,0.6667247061039969,0
SV1585,9.5,0,60,87.63,24,14,1,6,22,16.2,0.9649999999999999,0.8763,0.7014929403972152,0
SV1586,4.74,0,74,87.94,20,11,3,4,24,13.8,0.6317999999999999,0.8794,0.5998732645728592,0
SV1587,,1,113,55.17,20,10,4,3,20,16.2,0.6368,0.5517,0.5394836578769574,0
SV1588,6.85,0,122,,23,11,1,4,26,7.8,0.7794999999999999,0.7453,0.6796378002122003,0
SV1589,8.92,0,88,53.73,17,10,1,4,24,25.0,0.9243999999999999,0.5373,0.630931220833972,0
SV1590,4.67,0,91,100.0,34,10,0,2,34,5.5,0.6269,1.0,0.7891352039406685,0
SV1591,6.87,0,113,54.08,24,12,8,8,27,12.7,0.7808999999999999,0.5408,0.6181596169569021,0
SV1592,,0,94,62.28,16,13,3,4,22,10.3,0.9460999999999999,0.6228,0.5771064002317715,0
SV1593,4.02,0,51,62.39,25,7,4,5,32,10.1,0.5813999999999999,0.6239,0.6206208062094118,1
SV1594,4.58,0,66,55.55,28,9,3,3,34,9.3,0.6206,0.5555,0.6661862163760284,1
SV1595,5.86,0,97,98.29,35,14,0,3,30,7.4,0.7101999999999999,0.9829000000000001,0.790687320824226,0
SV1596,5.72,1,126,100.0,36,9,1,1,32,19.1,0.6703999999999999,1.0,0.7386030583134537,0
SV1597,7.72,0,138,70.86,25,9,0,4,20,4.8,0.8404,0.7086,0.6978935146575321,0
SV1598,6.86,0,113,58.19,29,8,1,7,34,17.9,0.7802,0.5819,0.7823847678390795,1
SV1599,3.84,0,99,44.45,21,6,2,3,30,15.9,0.5688,0.4445,0.6053214603192145,0
SV1600,7.27,0,112,74.34,23,9,4,7,26,9.7,0.8089,0.7434000000000001,0.6308033069124731,0
SV1601,5.63,4,70,73.25,23,9,5,6,32,15.2,0.5740999999999999,0.7325,0.6246594543228794,1
SV1602,8.41,0,85,68.23,25,9,6,6,28,11.1,0.8886999999999998,0.6823,0.6015299034325514,0
SV1603,5.56,3,65,81.32,21,9,0,4,26,5.4,0.5992,0.8131999999999999,0.7007759980028697,1
SV1604,5.55,2,53,83.93,34,10,4,2,35,5.5,0.6285,0.8393,0.6793949636889371,1
SV1605,7.31,0,100,82.85,20,11,2,7,30,15.9,0.8116999999999999,0.8284999999999999,0.6922308990051359,0
SV1606,7.64,0,96,73.26,30,11,4,2,28,15.6,0.8348,0.7326,0.6308055877579959,0
SV1607,,0,111,61.48,19,8,4,10,22,13.5,0.8018999999999998,0.6148,0.6188839218495489,0
SV1608,3.97,4,106,87.99,21,14,0,3,18,9.7,0.4579,0.8798999999999999,0.6507760159419982,1
SV1609,7.31,0,97,78.19,30,15,0,1,35,10.9,0.8116999999999999,0.7818999999999999,0.755654066011899,0
SV1610,4.95,1,107,91.33,27,11,4,1,28,10.0,0.6165,0.9133,0.5988765428806353,0
SV1611,6.85,0,89,89.85,33,16,0,3,32,1.5,0.7794999999999999,0.8985,0.7875831116261741,0
SV1612,4.36,1,102,56.67,22,8,4,2,19,12.4,0.5752,0.5667,0.5144493418302142,0
SV1613,7.17,0,68,56.49,23,12,5,5,24,15.1,0.8018999999999998,0.5649000000000001,0.5998695421809584,0
SV1614,5.29,2,101,66.67,16,5,6,4,22,12.4,0.6103000000000001,0.6667000000000001,0.43392458583352805,1
SV1615,4.58,1,110,62.16,13,17,3,4,20,22.6,0.5906,0.6215999999999999,0.5647228121793074,1
SV1616,7.57,0,70,89.33,34,9,4,3,30,6.0,0.8298999999999999,0.8933,0.6615128441900672,0
SV1617,6.86,0,92,83.27,33,14,2,3,30,8.0,0.7802,0.8327,0.7284922058668764,0
SV1618,5.58,1,71,94.49,26,12,1,5,35,12.8,0.6606000000000001,0.9449,0.7550400397861907,0
SV1619,8.68,0,74,83.95,33,8,1,7,40,13.5,0.9076,0.8395,0.8340477377995271,0
SV1620,5.84,4,56,81.13,33,7,3,4,34,0.6,0.5888,0.8112999999999999,0.6903103799071671,1
SV1621,6.55,0,128,96.0,39,18,0,9,36,15.6,0.7585,0.96,0.9241684715140451,0
SV1622,6.9,1,122,85.05,25,14,2,4,32,13.5,0.753,0.8504999999999999,0.7024389905327582,0
SV1623,5.57,1,106,79.02,28,7,4,3,29,0.0,0.6599,0.7902,0.5980044005702433,1
SV1624,7.21,0,140,100.0,37,10,0,7,38,11.3,0.8047,1.0,0.8937915161734015,0
SV1625,5.7,2,84,79.73,18,9,2,3,21,7.1,0.639,0.7973,0.5733924228798686,0
SV1626,5.88,1,140,73.43,38,12,0,6,39,9.3,0.6816,0.7343000000000001,0.8907981757124102,1
SV1627,8.54,0,83,65.43,21,14,3,7,26,4.0,0.8977999999999999,0.6543000000000001,0.671096874966113,0
SV1628,4.94,2,98,88.55,32,8,1,5,31,14.5,0.5858,0.8855,0.7597683621999108,0
SV1629,2.88,1,78,96.56,30,13,0,2,34,22.6,0.4716,0.9656,0.764744969863881,0
SV1630,8.92,0,101,77.24,25,10,1,5,26,13.6,0.9243999999999999,0.7724,0.7024389787300739,0
SV1631,10.0,0,115,97.62,20,11,0,2,28,0.0,1.0,0.9762000000000001,0.6764966293476962,0
SV1632,5.89,3,87,48.45,27,7,2,3,22,13.7,0.6223,0.48450000000000004,0.616654303786566,1
SV1633,3.59,1,140,77.17,33,8,4,3,34,10.8,0.5213,0.7717,0.6633406899549164,0
SV1634,6.03,0,97,77.4,24,10,0,4,29,5.4,0.7221,0.774,0.7327050482544257,0
SV1635,6.07,1,98,67.1,25,11,3,6,26,14.1,0.6949,0.6709999999999999,0.6667247023849892,0
SV1636,6.22,0,63,100.0,33,7,0,6,30,17.3,0.7353999999999999,1.0,0.819401257789109,0
SV1637,4.83,1,103,77.01,31,12,4,4,32,8.0,0.6081,0.7701,0.6890243586190905,1
SV1638,7.37,0,86,71.88,24,12,1,6,32,2.1,0.8158999999999998,0.7188,0.7428449172026612,0
SV1639,7.29,0,72,78.39,27,8,3,1,32,0.0,0.8103,0.7839,0.6146341113342636,0
SV1640,4.26,0,67,47.96,26,12,6,4,32,8.0,0.5982,0.4796,0.6252032250864982,1
SV1641,7.55,0,140,66.6,22,8,3,4,27,11.1,0.8285,0.6659999999999999,0.602328122179159,0
SV1642,9.58,0,82,92.75,32,8,0,2,25,8.9,0.9705999999999999,0.9275,0.7360309823075544,0
SV1643,6.76,2,46,68.57,18,11,1,5,26,7.9,0.7131999999999998,0.6857,0.6627863584744509,1
SV1644,5.99,1,69,65.57,25,8,4,5,24,15.4,0.6893,0.6557,0.5963783837117073,1
SV1645,6.29,0,88,97.64,37,8,1,3,34,14.8,0.7403,0.9764,0.7766198048674122,0
SV1646,7.42,0,106,98.1,29,12,1,5,28,13.2,0.8193999999999999,0.981,0.7415145411718156,0
SV1647,3.9,1,107,85.75,28,14,2,9,34,16.9,0.5429999999999999,0.8575,0.7980043938811936,0
SV1648,6.75,0,110,71.17,25,10,0,5,30,8.1,0.7725,0.7117,0.7569844259201576,0
SV1649,5.91,0,71,74.41,28,13,4,2,35,5.4,0.7137,0.7441,0.6629776683695785,0
SV1650,9.27,0,100,,28,12,1,4,34,8.9,0.9488999999999999,0.6594,0.7490533446011252,0
SV1651,6.24,0,64,63.08,27,2,1,3,32,8.5,0.7367999999999999,0.6308,0.6176643494426474,0
SV1652,9.0,0,71,62.33,14,10,3,4,18,0.0,0.9299999999999999,0.6233,0.5294217651455682,0
SV1653,4.84,2,62,68.73,27,10,1,3,26,8.7,0.5788,0.6873,0.6873613755904628,0
SV1654,7.38,0,54,62.48,26,7,0,1,21,18.6,0.8166,0.6248,0.6676274300380771,0
SV1655,6.98,0,122,54.54,17,12,9,4,26,16.8,0.7886,0.5454,0.5049572168268294,1
SV1656,5.2,2,111,81.29,25,5,0,9,24,15.2,0.604,0.8129000000000001,0.7842571088540542,0
SV1657,6.77,0,119,81.52,31,6,2,4,34,12.8,0.7738999999999999,0.8151999999999999,0.6981152487533916,0
SV1658,8.32,0,91,100.0,25,17,0,2,26,20.7,0.8824000000000001,1.0,0.6978935374320651,0
SV1659,6.01,2,113,67.97,19,12,4,3,24,5.6,0.6607,0.6797,0.5658536307625409,0
SV1660,3.96,2,37,82.44,22,9,1,0,29,6.2,0.5172,0.8244,0.6259644810138706,0
SV1661,6.47,0,116,82.69,31,7,7,1,28,18.7,0.7528999999999999,0.8269,0.529933458124698,0
SV1662,5.15,2,95,74.19,22,12,2,3,23,12.2,0.6005,0.7419,0.622457995918406,1
SV1663,5.99,0,109,89.17,30,15,5,4,24,8.0,0.7192999999999999,0.8917,0.6465631660050112,1
SV1664,6.38,0,101,89.63,28,6,2,1,33,15.3,0.7465999999999999,0.8963,0.6343680246404936,1
SV1665,3.94,0,60,82.91,22,11,5,6,19,9.4,0.5758,0.8291,0.5773281297850463,1
SV1666,4.08,0,45,74.17,23,8,2,6,24,7.0,0.5856,0.7417,0.651152948010181,0
SV1667,7.22,0,69,72.64,26,7,2,4,30,6.8,0.8053999999999999,0.7264,0.6605567408935616,0
SV1668,5.72,0,107,57.48,17,13,1,2,24,13.9,0.7003999999999999,0.5748,0.611450710360029,0
SV1669,2.65,3,111,65.91,29,6,2,2,28,13.2,0.39549999999999996,0.6591,0.6313746756533327,1
SV1670,7.68,0,49,68.67,20,9,6,3,26,21.1,0.8375999999999999,0.6867,0.5210421032237271,0
SV1671,6.91,0,61,,27,9,7,7,24,10.3,0.7837000000000001,0.6114,0.594179571651928,0
SV1672,5.43,1,68,84.6,27,7,3,4,32,10.2,0.6500999999999999,0.846,0.6446341060615371,0
SV1673,4.52,0,79,95.95,25,9,2,2,30,20.6,0.6164,0.9595,0.6433480762507344,0
SV1674,7.75,1,49,64.38,26,12,4,1,27,17.9,0.8125,0.6437999999999999,0.5949001950838199,1
SV1675,7.02,0,47,82.25,24,10,3,6,22,12.9,0.7913999999999999,0.8225,0.6358519159764395,0
SV1676,10.0,0,65,62.49,25,6,1,5,36,2.6,1.0,0.6249,0.7271142864506042,0
SV1677,7.13,0,93,73.43,20,8,3,2,23,7.1,0.7990999999999999,0.7343000000000001,0.5446784579633978,0
SV1678,7.08,0,55,67.65,21,7,7,8,38,5.7,0.7955999999999999,0.6765000000000001,0.6098669310541583,0
SV1679,6.25,0,87,87.03,22,11,2,4,32,12.2,0.7375,0.8703,0.672607842353128,0
SV1680,7.73,0,122,67.82,24,9,4,3,28,8.9,0.8411,0.6781999999999999,0.591446327036882,0
SV1681,7.44,0,51,93.17,24,10,0,2,25,21.6,0.8208,0.9317,0.687250505692442,0
SV1682,8.38,0,84,74.31,22,9,3,3,27,2.6,0.8866,0.7431,0.5977826703196545,1
SV1683,5.72,0,121,68.26,20,15,2,4,24,5.0,0.7003999999999999,0.6826000000000001,0.6385287284454666,0
SV1684,5.85,1,77,59.2,33,12,3,1,28,13.5,0.6795,0.5920000000000001,0.6621285727308569,0
SV1685,5.78,0,73,81.8,15,7,1,6,20,15.1,0.7046,0.818,0.6141906318764783,0
SV1686,7.69,0,125,91.43,23,16,0,2,26,0.0,0.8383,0.9143000000000001,0.6856984143076995,0
SV1687,8.75,0,81,82.1,27,7,2,5,30,1.6,0.9124999999999999,0.821,0.6802906641171448,0
SV1688,5.81,1,123,100.0,35,12,0,3,32,10.4,0.6767,1.0,0.7997782249466195,0
SV1689,5.86,1,103,99.45,34,13,0,3,35,20.1,0.6802,0.9945,0.8073170300102792,0
SV1690,6.97,0,80,73.39,30,14,5,6,29,23.3,0.7878999999999999,0.7339,0.6913000046019415,0
SV1691,6.13,0,104,73.23,29,6,1,6,44,9.5,0.7291,0.7323000000000001,0.8015045276920436,0
SV1692,7.93,0,100,85.05,33,9,0,3,28,11.0,0.8551,0.8504999999999999,0.769401274413138,0
SV1693,3.12,0,121,,25,14,2,3,32,7.0,0.5184,0.6543000000000001,0.6888026281360639,0
SV1694,5.26,0,74,95.49,22,16,0,4,18,15.8,0.6681999999999999,0.9549,0.6705099427370093,0
SV1695,5.33,0,91,83.42,24,14,2,7,25,21.2,0.6731,0.8342,0.705432335800911,0
SV1696,3.02,1,88,81.85,27,8,1,5,36,19.5,0.4814,0.8184999999999999,0.7520078302762109,0
SV1697,5.05,1,111,88.3,25,10,1,10,28,11.8,0.6234999999999999,0.883,0.779711699597843,0
SV1698,5.13,2,59,100.0,27,17,1,5,30,7.0,0.5991,1.0,0.7469573443640556,1
SV1699,6.2,0,121,80.56,21,15,0,3,22,12.0,0.734,0.8056,0.6689578356153549,0
SV1700,8.17,0,104,76.3,21,12,1,4,28,20.3,0.8718999999999999,0.763,0.6790976921600113,0
SV1701,6.13,0,50,100.0,26,12,0,4,23,9.6,0.7291,1.0,0.7176274499219761,0
SV1702,4.95,1,126,92.51,30,9,3,6,27,1.1,0.6165,0.9251,0.6874722441248475,0
SV1703,6.41,1,140,73.19,23,7,2,8,26,9.8,0.7187,0.7319,0.6786276902310777,0
SV1704,8.07,0,120,78.08,31,12,1,5,32,10.3,0.8649,0.7807999999999999,0.7718914805941882,0
SV1705,5.04,1,133,80.93,27,11,0,1,30,1.1,0.6228,0.8093,0.7146341016235207,0
SV1706,5.13,2,93,83.43,32,8,0,3,39,13.4,0.5991,0.8343,0.8133037068943314,0
SV1707,7.34,0,40,57.65,19,9,1,3,20,15.0,0.8137999999999999,0.5765,0.6076717957439484,0
SV1708,6.17,0,35,54.86,23,10,2,3,30,23.2,0.7319,0.5486,0.6508499250285453,0
SV1709,7.47,0,98,64.69,25,11,3,11,34,4.0,0.8229,0.6469,0.7712701499056509,0
SV1710,6.48,0,72,63.53,22,9,2,4,27,16.4,0.7536,0.6353,0.6386917552370106,0
SV1711,7.55,0,63,68.34,26,8,3,4,28,17.8,0.8285,0.6834,0.6312638199288628,0
SV1712,4.95,1,88,,20,14,1,1,28,15.1,0.6165,0.8752,0.636193611759081,0
SV1713,6.48,1,108,75.47,22,10,5,5,25,6.0,0.7236,0.7547,0.5826311601176335,0
SV1714,6.18,1,46,80.95,21,14,1,3,28,5.6,0.7026,0.8095,0.6695638973793584,1
SV1715,4.68,0,77,59.64,19,9,2,4,30,12.6,0.6275999999999999,0.5964,0.6340354360827906,0
SV1716,4.15,0,135,71.08,20,7,2,4,32,12.5,0.5905,0.7108,0.6330622848165267,0
SV1717,7.53,0,58,86.81,24,12,0,7,22,8.6,0.8271,0.8681,0.7417959610161328,0
SV1718,5.97,2,116,86.92,31,11,2,3,34,19.7,0.6578999999999999,0.8692,0.7229404362827301,0
SV1719,,1,75,67.13,13,8,1,4,22,9.6,0.6179,0.6713,0.5893692541129911,1
SV1720,6.36,1,106,80.42,22,14,0,5,27,0.6,0.7152000000000001,0.8042,0.7250553915416145,0
SV1721,8.19,0,123,100.0,28,7,0,3,33,10.7,0.8733,1.0,0.7616407297910286,0
SV1722,3.08,2,112,77.74,28,6,2,3,29,14.9,0.4556,0.7774,0.6434589316652872,1
SV1723,4.26,0,117,67.6,24,9,3,5,24,14.1,0.5982,0.6759999999999999,0.6236141534403743,1
SV1724,5.12,0,55,75.39,23,10,0,3,24,14.0,0.6584,0.7539,0.6902438528200988,0
SV1725,8.69,0,123,79.38,24,10,1,3,34,21.0,0.9082999999999999,0.7938,0.7054323286469867,0
SV1726,6.92,2,64,75.73,25,11,3,5,30,5.3,0.7243999999999999,0.7573000000000001,0.6712701577568898,1
SV1727,7.65,0,98,77.53,33,11,0,2,32,9.5,0.8354999999999999,0.7753,0.7739467378658451,0
SV1728,,2,98,56.35,19,6,3,4,22,21.3,0.5752999999999999,0.5635,0.5370657400619769,0
SV1729,4.82,2,105,63.56,28,5,1,6,29,0.2,0.5774,0.6356,0.7177013341331524,0
SV1730,7.17,0,100,75.76,19,4,1,2,26,11.7,0.8018999999999998,0.7576,0.5813081320001557,0
SV1731,6.59,0,65,75.52,20,14,4,4,21,19.4,0.7613,0.7552,0.583062303236838,0
SV1732,7.32,0,50,69.51,24,10,2,2,23,19.3,0.8124,0.6951,0.6114929423636983,0
SV1733,6.22,0,116,75.34,30,16,3,5,27,16.0,0.7353999999999999,0.7534000000000001,0.710677994262778,1
SV1734,6.92,0,96,78.92,29,12,2,2,30,16.1,0.7844,0.7892,0.6833227404049742,0
SV1735,6.74,0,124,91.34,30,11,0,7,22,5.8,0.7718,0.9134,0.7783813229471629,0
SV1736,7.67,0,89,76.51,16,12,0,2,24,20.2,0.8369,0.7651,0.6339245713018485,0
SV1737,7.71,1,48,83.99,34,16,0,1,36,4.8,0.8097,0.8399,0.7845897654282692,1
SV1738,4.07,2,119,69.88,30,8,4,4,28,5.2,0.5248999999999999,0.6988,0.6314116432180518,1
SV1739,3.13,3,79,86.58,21,12,0,2,26,14.3,0.4291,0.8658,0.6735032843205899,0
SV1740,8.0,0,100,83.64,22,11,0,3,24,9.0,0.8599999999999999,0.8364,0.684146295629573,0
SV1741,8.28,0,71,90.99,27,9,0,6,36,13.2,0.8795999999999999,0.9098999999999999,0.8100886321790786,0
SV1742,4.97,1,139,88.7,25,12,0,5,30,14.6,0.6179,0.887,0.756984432586823,0
SV1743,3.71,1,64,86.83,26,9,0,2,30,22.7,0.5297000000000001,0.8683,0.7221728951125198,1
SV1744,6.65,0,80,76.52,23,13,1,5,30,14.6,0.7655,0.7652,0.7162178891643372,0
SV1745,7.9,0,93,81.67,19,9,0,3,34,8.3,0.853,0.8167,0.711308149489588,0
SV1746,9.2,0,57,93.95,29,8,0,5,30,16.1,0.944,0.9395,0.7813746592277149,1
SV1747,,0,100,68.22,25,7,5,7,22,7.0,0.8089,0.6822,0.5812268690652427,1
SV1748,5.94,0,138,68.57,20,8,2,6,28,17.5,0.7158,0.6857,0.6510420832981099,0
SV1749,5.16,3,75,,14,11,8,4,32,12.4,0.5711999999999999,0.8072,0.5169447784920363,1
SV1750,6.52,0,102,84.23,28,7,0,2,30,14.4,0.7564,0.8423,0.7343680040678878,0
SV1751,6.05,2,8,,29,5,3,2,30,1.3,0.6635,0.6564,0.5904655907876295,1
SV1752,4.98,1,89,76.88,24,10,0,4,30,0.0,0.6186,0.7687999999999999,0.7372505026965744,0
SV1753,9.57,0,81,76.59,24,14,1,2,28,3.0,0.9699,0.7659,0.6742202174633304,0
SV1754,9.18,0,65,44.77,26,7,3,3,27,22.5,0.9425999999999999,0.44770000000000004,0.6021729106272102,0
SV1755,8.2,0,122,,21,8,2,8,20,5.1,0.8739999999999999,0.7471,0.6480487333811971,0
SV1756,5.12,0,80,75.64,15,10,0,5,30,16.4,0.6584,0.7564,0.69600881765127,0
SV1757,7.78,0,85,75.6,25,7,5,4,28,8.1,0.8446,0.7559999999999999,0.5675905085280523,0
SV1758,7.46,0,79,99.24,28,12,0,3,30,10.6,0.8222,0.9924,0.7480043902741007,0
SV1759,7.16,0,32,59.76,28,12,3,1,32,11.7,0.8011999999999999,0.5976,0.6498225863650081,0
SV1760,8.37,0,56,65.63,15,10,2,4,26,21.9,0.8858999999999999,0.6563,0.5975239830415344,0
SV1761,7.45,0,119,38.82,24,11,4,5,27,15.5,0.8214999999999999,0.3882,0.6305838555445976,0
SV1762,7.61,0,27,70.79,20,9,1,7,19,14.3,0.8327,0.7079000000000001,0.6637693517154657,0
SV1763,7.46,0,67,72.07,27,13,0,4,22,19.8,0.8222,0.7206999999999999,0.7191795588708182,0
SV1764,7.01,0,78,70.35,18,16,1,3,22,8.2,0.7907,0.7034999999999999,0.6271357458913202,0
SV1765,3.82,3,140,94.62,27,9,0,2,30,18.4,0.47739999999999994,0.9462,0.7282704559394086,1
SV1766,6.63,0,113,90.91,28,13,3,2,33,17.4,0.7641,0.9091,0.6730044042246843,0
SV1767,5.67,2,73,79.17,20,14,3,2,29,17.3,0.6368999999999999,0.7917000000000001,0.6104538654821988,1
SV1768,,3,129,72.44,29,10,1,4,30,11.1,0.5306,0.7243999999999999,0.7313746774095297,1
SV1769,9.02,0,68,93.39,23,7,0,6,28,9.4,0.9313999999999998,0.9339,0.7493347406359239,0
SV1770,9.09,0,120,77.7,27,7,2,3,30,6.8,0.9362999999999999,0.777,0.6530179393237562,0
SV1771,8.54,0,49,65.73,21,11,3,4,24,7.2,0.8977999999999999,0.6573,0.6059708253997479,0
SV1772,6.88,0,122,52.26,30,9,2,5,29,6.5,0.7815999999999999,0.5226,0.7101995131331125,0
SV1773,8.53,0,78,71.38,28,8,1,8,30,14.2,0.8971,0.7138,0.77174175164029,0
SV1774,6.52,0,59,89.32,26,18,4,5,33,10.6,0.7564,0.8931999999999999,0.7039911024701835,0
SV1775,6.8,0,83,100.0,28,11,0,5,28,14.6,0.7759999999999999,1.0,0.7661862031528892,0
SV1776,4.86,1,98,78.92,23,11,3,2,28,14.9,0.6102000000000001,0.7892,0.6090750400287318,1
SV1777,7.1,0,75,66.52,17,13,1,2,20,5.6,0.7969999999999999,0.6652,0.593268892591434,0
SV1778,6.59,0,107,60.23,24,13,2,4,22,5.5,0.7613,0.6023,0.6475535507149375,1
SV1779,,2,73,86.28,24,15,5,5,30,10.6,0.5585,0.8628,0.6508868900932655,0
SV1780,6.42,3,109,51.53,15,6,2,5,22,7.3,0.6594,0.5153,0.5596451846140805,1
SV1781,6.38,1,103,86.26,26,11,1,2,36,6.7,0.7166,0.8626,0.7161123023209656,0
SV1782,9.2,0,88,90.27,23,10,0,5,24,22.2,0.944,0.9027,0.7175165776134874,0
SV1783,7.84,0,77,84.54,29,9,3,3,30,2.8,0.8488,0.8454,0.654101959434322,0
SV1784,6.52,0,95,74.71,27,9,3,3,24,24.1,0.7564,0.7471,0.614634111127652,0
SV1785,6.87,0,107,86.47,25,6,0,4,28,13.7,0.7808999999999999,0.8647,0.7342571279725061,0
SV1786,6.57,0,140,80.56,29,4,0,7,28,17.9,0.7599,0.8056,0.7995564251368248,1
SV1787,6.2,0,118,66.33,26,6,6,6,26,17.2,0.734,0.6633,0.5585365547084764,0
SV1788,4.88,1,119,100.0,27,7,0,6,22,15.7,0.6115999999999999,1.0,0.7464522572905863,0
SV1789,6.27,0,140,72.72,18,7,0,3,18,22.0,0.7388999999999999,0.7272,0.6324833048899094,0
SV1790,5.38,1,105,89.64,17,11,0,6,28,5.5,0.6466000000000001,0.8964,0.7127493964538072,1
SV1791,4.62,2,105,41.72,28,5,3,3,30,11.1,0.5634,0.4172,0.5980043923574352,1
SV1792,7.27,0,111,97.15,30,16,3,2,27,6.9,0.8089,0.9715,0.669768907072695,0
SV1793,7.09,0,60,100.0,31,7,0,2,26,1.8,0.7963,1.0,0.734478868779959,0
SV1794,3.82,1,77,78.45,28,8,0,6,29,8.0,0.5374,0.7845,0.7843680063553717,0
SV1795,6.32,2,75,86.38,26,12,0,2,29,23.2,0.6823999999999999,0.8637999999999999,0.71762745178148,0
SV1796,7.99,0,109,86.38,26,9,3,2,29,11.0,0.8593,0.8637999999999999,0.6176274601148126,0
SV1797,8.09,0,85,68.36,23,8,2,5,32,23.9,0.8662999999999998,0.6836,0.6738802211506768,0
SV1798,8.04,0,94,86.21,25,11,3,3,28,24.5,0.8628,0.8621,0.6349065240792037,0
SV1799,6.56,1,123,65.87,22,10,0,4,25,30.0,0.7291999999999998,0.6587000000000001,0.7023281088320532,1
SV1008,6.47,0,36,89.68,23,6,2,5,28,0.0,0.7528999999999999,0.8968,0.6356983978820832,0
SV1510,4.16,0,90,74.16,18,13,4,11,21,15.9,0.5912,0.7415999999999999,0.6610929594808572,0
SV1175,6.76,0,52,59.81,15,13,7,6,20,8.3,0.7731999999999999,0.5981000000000001,0.5241906626264733,1
SV1735,6.74,0,124,91.34,30,11,0,7,22,5.8,0.7718,0.9134,0.7783813229471629,0
SV1242,,1,100,84.15,36,12,2,9,34,9.9,0.5402,0.8415,0.839642020738651,0
SV1764,7.01,0,78,70.35,18,16,1,3,22,8.2,0.7907,0.7034999999999999,0.6271357458913202,0
SV1540,3.97,0,56,49.92,21,9,2,8,30,14.4,0.5779,0.49920000000000003,0.7007760073233453,0
SV1430,4.94,0,97,72.5,30,12,1,4,27,13.4,0.6457999999999999,0.725,0.7294302851598613,0
